Job No,Job Date,Warehouse,Warehouse Status,Machine,Output Qty,Status,Post Date,Start-Time,End-Time,Elapsed-Time,UOM,Input Qty,Yield Loss Qty,Department,Description,Input Value,Output Value,Expenses,User Defined 1,UserDefined2,Input Units,Output Units,
15853,7/1/2026 12:00:00 AM,Plus Monroe Warehouse                        ,COMPLETED,AUTO-TIE BALER (1ST SHIFT),2290.000,Posted,7/2/2026 12:00:00 AM,5:48AM,,18:12:00,LBS    ,2290.000,0.000,Plus Materials                                    ,,-0.1500,-0.1500,0.0000,,,13,2,
15857,7/1/2026 12:00:00 AM,Plus Monroe Warehouse                        ,COMPLETED,EXTRUDER (1ST SHIFT),9787.000,Posted,7/2/2026 12:00:00 AM,5:49AM,,18:11:00,LBS    ,9787.000,0.000,Plus Materials                                    ,,978.7000,978.7000,0.0000,,,0,0,
15858,7/1/2026 12:00:00 AM,Plus Monroe Warehouse                        ,COMPLETED,GREEN MAX (NEW) (1ST SHIFT),2206.000,Posted,7/2/2026 12:00:00 AM,5:49AM,,18:11:00,LBS    ,2206.000,0.000,Plus Materials                                    ,,100.2308,100.2300,0.0000,,,27,0,
15859,7/1/2026 12:00:00 AM,Plus Monroe Warehouse                        ,COMPLETED,GUILLOTINE (1ST SHIFT),6825.000,Posted,7/2/2026 12:00:00 AM,5:49AM,,18:11:00,LBS    ,6025.000,-800.000,Plus Materials                                    ,,180.7500,180.7600,0.0000,,,10,0,
15861,7/1/2026 12:00:00 AM,Monroe Processing Warehouse                  ,COMPLETED,SHREDDER/GRINDER (1ST SHIFT),5303.000,Posted,7/2/2026 12:00:00 AM,5:49AM,,18:11:00,LBS    ,5303.000,0.000,Plus Materials                                    ,,0.0000,0.0000,0.0000,,,0,0,
15863,7/1/2026 12:00:00 AM,Plus Monroe Warehouse                        ,COMPLETED,AUTO-TIE BALER (2ND SHIFT),2347.000,Posted,7/2/2026 12:00:00 AM,5:50AM,,18:10:00,LBS    ,2347.000,0.000,Plus Materials                                    ,,0.0000,0.0000,0.0000,,,52,0,
15867,7/1/2026 12:00:00 AM,Plus Monroe Warehouse                        ,COMPLETED,EXTRUDER (2ND SHIFT),4940.000,Posted,7/2/2026 12:00:00 AM,5:50AM,,18:10:00,LBS    ,4940.000,0.000,Plus Materials                                    ,,148.2000,148.2000,0.0000,,,0,0,
15869,7/1/2026 12:00:00 AM,Plus Monroe Warehouse                        ,COMPLETED,GUILLOTINE (2ND SHIFT),9209.000,Posted,7/2/2026 12:00:00 AM,5:51AM,,18:09:00,LBS    ,9209.000,0.000,Plus Materials                                    ,,228.7889,228.7900,0.0000,,,0,0,
15871,7/1/2026 12:00:00 AM,Monroe Processing Warehouse                  ,COMPLETED,SHREDDER/GRINDER (2ND SHIFT),3316.000,Posted,7/2/2026 12:00:00 AM,5:51AM,,18:09:00,LBS    ,3316.000,0.000,Plus Materials                                    ,,33.1600,33.1600,0.0000,,,36,0,
15877,7/1/2026 12:00:00 AM,Plus Monroe Warehouse                        ,COMPLETED,EXTRUDER (3RD SHIFT),5208.000,Posted,7/2/2026 12:00:00 AM,5:52AM,,18:08:00,LBS    ,5208.000,0.000,Plus Materials                                    ,,357.3800,357.3800,0.0000,,,0,0,
15879,7/1/2026 12:00:00 AM,Plus Monroe Warehouse                        ,COMPLETED,GUILLOTINE (3RD SHIFT),5393.000,Posted,7/2/2026 12:00:00 AM,5:52AM,,18:08:00,LBS    ,5393.000,0.000,Plus Materials                                    ,,199.1700,199.1600,0.0000,,,0,0,
15883,7/1/2026 12:00:00 AM,PRN Southeast                                ,COMPLETED,BALER,1470.000,Posted,7/2/2026 12:00:00 AM,5:53AM,,18:07:00,LBS    ,2800.000,1330.000,Plus Materials                                    ,,128.7500,268.7500,140.0000,,,11,1,
15884,7/2/2026 12:00:00 AM,Plus Monroe Warehouse                        ,COMPLETED,AUTO-TIE BALER (1ST SHIFT),6514.000,Posted,7/6/2026 12:00:00 AM,5:48AM,,18:12:00,LBS    ,6514.000,0.000,Plus Materials                                    ,,0.0000,0.0000,0.0000,,,52,6,
15888,7/2/2026 12:00:00 AM,Plus Monroe Warehouse                        ,COMPLETED,EXTRUDER (1ST SHIFT),7855.000,Posted,7/6/2026 12:00:00 AM,5:48AM,,18:12:00,LBS    ,7855.000,0.000,Plus Materials                                    ,,281.9263,281.9400,0.0000,,,0,0,
15889,7/2/2026 12:00:00 AM,Plus Monroe Warehouse                        ,COMPLETED,GREEN MAX (NEW) (1ST SHIFT),1892.000,Posted,7/6/2026 12:00:00 AM,5:48AM,,18:12:00,LBS    ,1892.000,0.000,Plus Materials                                    ,,0.0000,0.0000,0.0000,,,0,0,
15890,7/2/2026 12:00:00 AM,Plus Monroe Warehouse                        ,COMPLETED,GUILLOTINE (1ST SHIFT),11567.000,Posted,7/6/2026 12:00:00 AM,5:49AM,,18:11:00,LBS    ,11567.000,0.000,Plus Materials                                    ,,975.8388,975.8300,0.0000,,,1,1,
15891,7/2/2026 12:00:00 AM,Plus Monroe Warehouse                        ,COMPLETED,SHREDDER (1ST SHIFT),1185.000,Posted,7/6/2026 12:00:00 AM,5:49AM,,18:11:00,LBS    ,1185.000,0.000,Plus Materials                                    ,,0.0000,0.0000,0.0000,,,0,0,
15892,7/2/2026 12:00:00 AM,Monroe Processing Warehouse                  ,COMPLETED,SHREDDER/GRINDER (1ST SHIFT),3691.000,Posted,7/6/2026 12:00:00 AM,5:49AM,,18:11:00,LBS    ,3691.000,0.000,Plus Materials                                    ,,36.9100,36.9100,0.0000,,,0,0,
15898,7/2/2026 12:00:00 AM,Plus Monroe Warehouse                        ,COMPLETED,EXTRUDER (2ND SHIFT),4786.000,Posted,7/6/2026 12:00:00 AM,5:50AM,,18:10:00,LBS    ,4786.000,0.000,Plus Materials                                    ,,373.2000,373.1900,0.0000,,,0,0,
15900,7/2/2026 12:00:00 AM,Plus Monroe Warehouse                        ,COMPLETED,GUILLOTINE (2ND SHIFT),9635.000,Posted,7/6/2026 12:00:00 AM,5:50AM,,18:10:00,LBS    ,9635.000,0.000,Plus Materials                                    ,,1045.9671,1045.9700,0.0000,,,0,0,
15902,7/2/2026 12:00:00 AM,Monroe Processing Warehouse                  ,COMPLETED,SHREDDER/GRINDER (2ND SHIFT),5575.000,Posted,7/6/2026 12:00:00 AM,5:51AM,,18:09:00,LBS    ,5575.000,0.000,Plus Materials                                    ,,587.0606,587.0700,0.0000,,,0,0,
15908,7/2/2026 12:00:00 AM,Plus Monroe Warehouse                        ,COMPLETED,EXTRUDER (3RD SHIFT),6908.000,Posted,7/6/2026 12:00:00 AM,5:52AM,,18:08:00,LBS    ,6908.000,0.000,Plus Materials                                    ,,464.8800,464.8800,0.0000,,,7,0,
15910,7/2/2026 12:00:00 AM,Plus Monroe Warehouse                        ,COMPLETED,GUILLOTINE (3RD SHIFT),5920.000,Posted,7/6/2026 12:00:00 AM,5:52AM,,18:08:00,LBS    ,5920.000,0.000,Plus Materials                                    ,,452.2800,452.2800,0.0000,,,0,0,
15914,7/2/2026 12:00:00 AM,PRN Southeast                                ,COMPLETED,BALER,2470.000,Posted,7/6/2026 12:00:00 AM,5:53AM,,18:07:00,LBS    ,3005.000,535.000,Plus Materials                                    ,,172.7600,323.0100,150.2500,,,9,1,
15915,7/6/2026 12:00:00 AM,Plus Monroe Warehouse                        ,COMPLETED,AUTO-TIE BALER (1ST SHIFT),7787.000,Posted,7/7/2026 12:00:00 AM,5:12AM,,18:48:00,LBS    ,7787.000,0.000,Plus Materials                                    ,,0.0000,0.0000,0.0000,,,0,7,
15919,7/6/2026 12:00:00 AM,Plus Monroe Warehouse                        ,COMPLETED,EXTRUDER (1ST SHIFT),9546.000,Posted,7/7/2026 12:00:00 AM,5:13AM,,18:47:00,LBS    ,9546.000,0.000,Plus Materials                                    ,,432.8100,432.8100,0.0000,,,0,0,
15920,7/6/2026 12:00:00 AM,Plus Monroe Warehouse                        ,COMPLETED,GREEN MAX (NEW) (1ST SHIFT),638.000,Posted,7/7/2026 12:00:00 AM,5:13AM,,18:47:00,LBS    ,638.000,0.000,Plus Materials                                    ,,0.0000,0.0000,0.0000,,,1,0,
15921,7/6/2026 12:00:00 AM,Plus Monroe Warehouse                        ,COMPLETED,GUILLOTINE (1ST SHIFT),6220.000,Posted,7/7/2026 12:00:00 AM,5:13AM,,18:47:00,LBS    ,6220.000,0.000,Plus Materials                                    ,,704.5324,704.5400,0.0000,,,0,0,
15922,7/6/2026 12:00:00 AM,Plus Monroe Warehouse                        ,COMPLETED,SHREDDER (1ST SHIFT),6615.000,Posted,7/7/2026 12:00:00 AM,5:13AM,,18:47:00,LBS    ,6615.000,0.000,Plus Materials                                    ,,0.0000,0.0000,0.0000,,,47,0,
15923,7/6/2026 12:00:00 AM,Monroe Processing Warehouse                  ,COMPLETED,SHREDDER/GRINDER (1ST SHIFT),6678.000,Posted,7/7/2026 12:00:00 AM,5:13AM,,18:47:00,LBS    ,6678.000,0.000,Plus Materials                                    ,,703.2092,703.2100,0.0000,,,0,0,
15925,7/6/2026 12:00:00 AM,Plus Monroe Warehouse                        ,COMPLETED,AUTO-TIE BALER (2ND SHIFT),6110.000,Posted,7/7/2026 12:00:00 AM,5:14AM,,18:46:00,LBS    ,6110.000,0.000,Plus Materials                                    ,,0.0000,0.0000,0.0000,,,52,0,
15929,7/6/2026 12:00:00 AM,Plus Monroe Warehouse                        ,COMPLETED,EXTRUDER (2ND SHIFT),6574.000,Posted,7/7/2026 12:00:00 AM,5:14AM,,18:46:00,LBS    ,6574.000,0.000,Plus Materials                                    ,,478.3220,478.3200,0.0000,,,0,0,
15931,7/6/2026 12:00:00 AM,Plus Monroe Warehouse                        ,COMPLETED,GUILLOTINE (2ND SHIFT),10319.000,Posted,7/7/2026 12:00:00 AM,5:15AM,,18:45:00,LBS    ,10319.000,0.000,Plus Materials                                    ,,611.2833,611.3000,0.0000,,,0,0,
15933,7/6/2026 12:00:00 AM,Monroe Processing Warehouse                  ,COMPLETED,SHREDDER/GRINDER (2ND SHIFT),3118.000,Posted,7/7/2026 12:00:00 AM,5:15AM,,18:45:00,LBS    ,3118.000,0.000,Plus Materials                                    ,,328.3326,328.3400,0.0000,,,0,0,
15939,7/6/2026 12:00:00 AM,Plus Monroe Warehouse                        ,COMPLETED,EXTRUDER (3RD SHIFT),6670.000,Posted,7/7/2026 12:00:00 AM,5:16AM,,18:44:00,LBS    ,6670.000,0.000,Plus Materials                                    ,,1312.4700,1312.4700,0.0000,,,0,0,
15941,7/6/2026 12:00:00 AM,Plus Monroe Warehouse                        ,COMPLETED,GUILLOTINE (3RD SHIFT),5594.000,Posted,7/7/2026 12:00:00 AM,5:16AM,,18:44:00,LBS    ,5594.000,0.000,Plus Materials                                    ,,587.3700,587.3800,0.0000,,,0,0,
15945,7/6/2026 12:00:00 AM,PRN Southeast                                ,COMPLETED,BALER,1944.000,Posted,7/7/2026 12:00:00 AM,5:17AM,,18:43:00,LBS    ,3465.000,1521.000,Plus Materials                                    ,,195.0600,368.3100,173.2500,,,13,1,
15946,7/7/2026 12:00:00 AM,Plus Monroe Warehouse                        ,COMPLETED,AUTO-TIE BALER (1ST SHIFT),8342.000,Posted,7/8/2026 12:00:00 AM,5:47AM,,18:13:00,LBS    ,8342.000,0.000,Plus Materials                                    ,,0.0000,0.0000,0.0000,,,52,7,
15950,7/7/2026 12:00:00 AM,Plus Monroe Warehouse                        ,COMPLETED,EXTRUDER (1ST SHIFT),7452.000,Posted,7/8/2026 12:00:00 AM,5:48AM,,18:12:00,LBS    ,7452.000,0.000,Plus Materials                                    ,,156.5400,156.5400,0.0000,,,0,0,
15952,7/7/2026 12:00:00 AM,Plus Monroe Warehouse                        ,COMPLETED,GUILLOTINE (1ST SHIFT),9416.000,Posted,7/8/2026 12:00:00 AM,5:48AM,,18:12:00,LBS    ,9416.000,0.000,Plus Materials                                    ,,368.3963,368.3900,0.0000,,,0,0,
15953,7/7/2026 12:00:00 AM,Plus Monroe Warehouse                        ,COMPLETED,SHREDDER (1ST SHIFT),7634.000,Posted,7/8/2026 12:00:00 AM,5:48AM,,18:12:00,LBS    ,7634.000,0.000,Plus Materials                                    ,,76.3400,76.3400,0.0000,,,48,0,
15954,7/7/2026 12:00:00 AM,Monroe Processing Warehouse                  ,COMPLETED,SHREDDER/GRINDER (1ST SHIFT),1818.000,Posted,7/8/2026 12:00:00 AM,5:49AM,,18:11:00,LBS    ,1818.000,0.000,Plus Materials                                    ,,194.5531,194.5600,0.0000,,,0,0,
15956,7/7/2026 12:00:00 AM,Plus Monroe Warehouse                        ,COMPLETED,AUTO-TIE BALER (2ND SHIFT),1037.000,Posted,7/8/2026 12:00:00 AM,5:49AM,,18:11:00,LBS    ,1037.000,0.000,Plus Materials                                    ,,36.1275,36.1300,0.0000,,,1,0,
15960,7/7/2026 12:00:00 AM,Plus Monroe Warehouse                        ,COMPLETED,EXTRUDER (2ND SHIFT),4724.000,Posted,7/8/2026 12:00:00 AM,5:50AM,,18:10:00,LBS    ,4724.000,0.000,Plus Materials                                    ,,330.6800,330.6800,0.0000,,,0,0,
15962,7/7/2026 12:00:00 AM,Plus Monroe Warehouse                        ,COMPLETED,GUILLOTINE (2ND SHIFT),11297.000,Posted,7/8/2026 12:00:00 AM,5:50AM,,18:10:00,LBS    ,11297.000,0.000,Plus Materials                                    ,,580.4839,580.5000,0.0000,,,0,0,
15964,7/7/2026 12:00:00 AM,Monroe Processing Warehouse                  ,COMPLETED,SHREDDER/GRINDER (2ND SHIFT),2190.000,Posted,7/8/2026 12:00:00 AM,5:51AM,,18:09:00,LBS    ,2190.000,0.000,Plus Materials                                    ,,230.6109,230.6100,0.0000,,,0,0,
15970,7/7/2026 12:00:00 AM,Plus Monroe Warehouse                        ,COMPLETED,EXTRUDER (3RD SHIFT),6570.000,Posted,7/8/2026 12:00:00 AM,5:52AM,,18:08:00,LBS    ,6570.000,0.000,Plus Materials                                    ,,208.0307,208.0300,0.0000,,,4,0,
15972,7/7/2026 12:00:00 AM,Plus Monroe Warehouse                        ,COMPLETED,GUILLOTINE (3RD SHIFT),6499.000,Posted,7/8/2026 12:00:00 AM,5:52AM,,18:08:00,LBS    ,6499.000,0.000,Plus Materials                                    ,,366.1651,366.1700,0.0000,,,0,0,
15976,7/7/2026 12:00:00 AM,PRN Southeast                                ,COMPLETED,BALER,6049.000,Posted,7/8/2026 12:00:00 AM,5:53AM,,18:07:00,LBS    ,5745.000,-304.000,Plus Materials                                    ,,323.4900,610.7400,287.2500,,,20,3,
15977,7/8/2026 12:00:00 AM,Plus Monroe Warehouse                        ,COMPLETED,AUTO-TIE BALER (1ST SHIFT),2005.000,Posted,7/9/2026 12:00:00 AM,5:47AM,,18:13:00,LBS    ,2005.000,0.000,Plus Materials                                    ,,46.3078,46.3000,0.0000,,,0,2,
15981,7/8/2026 12:00:00 AM,Plus Monroe Warehouse                        ,COMPLETED,EXTRUDER (1ST SHIFT),8622.000,Posted,7/9/2026 12:00:00 AM,5:48AM,,18:12:00,LBS    ,8622.000,0.000,Plus Materials                                    ,,578.0200,578.0200,0.0000,,,0,0,
15983,7/8/2026 12:00:00 AM,Plus Monroe Warehouse                        ,COMPLETED,GUILLOTINE (1ST SHIFT),7310.000,Posted,7/9/2026 12:00:00 AM,5:48AM,,18:12:00,LBS    ,7310.000,0.000,Plus Materials                                    ,,73.1000,73.1000,0.0000,,,0,0,
15984,7/8/2026 12:00:00 AM,Plus Monroe Warehouse                        ,COMPLETED,SHREDDER (1ST SHIFT),7327.000,Posted,7/9/2026 12:00:00 AM,5:48AM,,18:12:00,LBS    ,7327.000,0.000,Plus Materials                                    ,,531.4300,531.4300,0.0000,,,33,0,
15985,7/8/2026 12:00:00 AM,Monroe Processing Warehouse                  ,COMPLETED,SHREDDER/GRINDER (1ST SHIFT),8935.000,Posted,7/9/2026 12:00:00 AM,5:49AM,,18:11:00,LBS    ,8935.000,0.000,Plus Materials                                    ,,940.8720,940.8800,0.0000,,,0,0,
15991,7/8/2026 12:00:00 AM,Plus Monroe Warehouse                        ,COMPLETED,EXTRUDER (2ND SHIFT),5022.000,Posted,7/9/2026 12:00:00 AM,5:50AM,,18:10:00,LBS    ,5022.000,0.000,Plus Materials                                    ,,50.2200,50.2200,0.0000,,,0,0,
15993,7/8/2026 12:00:00 AM,Plus Monroe Warehouse                        ,COMPLETED,GUILLOTINE (2ND SHIFT),8203.000,Posted,7/9/2026 12:00:00 AM,5:50AM,,18:10:00,LBS    ,8203.000,0.000,Plus Materials                                    ,,816.3595,816.3600,0.0000,,,0,0,
15995,7/8/2026 12:00:00 AM,Monroe Processing Warehouse                  ,COMPLETED,SHREDDER/GRINDER (2ND SHIFT),4419.000,Posted,7/9/2026 12:00:00 AM,5:50AM,,18:10:00,LBS    ,4419.000,0.000,Plus Materials                                    ,,459.8911,459.9000,0.0000,,,44,0,
16001,7/8/2026 12:00:00 AM,Plus Monroe Warehouse                        ,COMPLETED,EXTRUDER (3RD SHIFT),1628.000,Posted,7/9/2026 12:00:00 AM,5:51AM,,18:09:00,LBS    ,1628.000,0.000,Plus Materials                                    ,,16.2800,16.2800,0.0000,,,0,0,
16003,7/8/2026 12:00:00 AM,Plus Monroe Warehouse                        ,COMPLETED,GUILLOTINE (3RD SHIFT),8043.000,Posted,7/9/2026 12:00:00 AM,5:52AM,,18:08:00,LBS    ,8043.000,0.000,Plus Materials                                    ,,382.3650,382.3700,0.0000,,,0,0,
16008,7/8/2026 12:00:00 AM,PRN Southeast                                ,COMPLETED,BALER,7425.000,Posted,7/9/2026 12:00:00 AM,5:14AM,,18:46:00,LBS    ,7108.000,-317.000,Plus Materials                                    ,,353.4600,708.8600,355.4000,,,19,4,
16009,7/9/2026 12:00:00 AM,Plus Monroe Warehouse                        ,COMPLETED,AUTO-TIE BALER (1ST SHIFT),3629.000,Posted,7/10/2026 12:00:00 AM,5:50AM,,18:10:00,LBS    ,3629.000,0.000,Plus Materials                                    ,,181.8816,181.8800,0.0000,,,0,0,
16013,7/9/2026 12:00:00 AM,Plus Monroe Warehouse                        ,COMPLETED,EXTRUDER (1ST SHIFT),7376.000,Posted,7/10/2026 12:00:00 AM,5:51AM,,18:09:00,LBS    ,7376.000,0.000,Plus Materials                                    ,,885.1200,885.1200,0.0000,,,8,0,
16015,7/9/2026 12:00:00 AM,Plus Monroe Warehouse                        ,COMPLETED,GUILLOTINE (1ST SHIFT),3123.000,Posted,7/10/2026 12:00:00 AM,5:51AM,,18:09:00,LBS    ,3123.000,0.000,Plus Materials                                    ,,374.7600,374.7600,0.0000,,,12,0,
16016,7/9/2026 12:00:00 AM,Plus Monroe Warehouse                        ,COMPLETED,SHREDDER (1ST SHIFT),6704.000,Posted,7/10/2026 12:00:00 AM,5:51AM,,18:09:00,LBS    ,6704.000,0.000,Plus Materials                                    ,,273.2517,273.2500,0.0000,,,24,0,
16017,7/9/2026 12:00:00 AM,Monroe Processing Warehouse                  ,COMPLETED,SHREDDER/GRINDER (1ST SHIFT),7959.000,Posted,7/10/2026 12:00:00 AM,5:51AM,,18:09:00,LBS    ,7959.000,0.000,Plus Materials                                    ,,447.4026,447.4000,0.0000,,,32,0,
16019,7/9/2026 12:00:00 AM,Plus Monroe Warehouse                        ,COMPLETED,AUTO-TIE BALER (2ND SHIFT),6524.000,Posted,7/10/2026 12:00:00 AM,5:52AM,,18:08:00,LBS    ,6524.000,0.000,Plus Materials                                    ,,48.2863,48.2800,0.0000,,,62,0,
16023,7/9/2026 12:00:00 AM,Plus Monroe Warehouse                        ,COMPLETED,EXTRUDER (2ND SHIFT),6670.000,Posted,7/10/2026 12:00:00 AM,5:52AM,,18:08:00,LBS    ,6670.000,0.000,Plus Materials                                    ,,356.5600,356.5600,0.0000,,,3,0,
16025,7/9/2026 12:00:00 AM,Plus Monroe Warehouse                        ,COMPLETED,GUILLOTINE (2ND SHIFT),5441.000,Posted,7/10/2026 12:00:00 AM,5:53AM,,18:07:00,LBS    ,5441.000,0.000,Plus Materials                                    ,,652.9200,652.9200,0.0000,,,200,0,
16027,7/9/2026 12:00:00 AM,Monroe Processing Warehouse                  ,COMPLETED,SHREDDER/GRINDER (2ND SHIFT),4056.000,Posted,7/10/2026 12:00:00 AM,5:53AM,,18:07:00,LBS    ,4056.000,0.000,Plus Materials                                    ,,0.0000,0.0000,0.0000,,,0,0,
16033,7/9/2026 12:00:00 AM,Plus Monroe Warehouse                        ,COMPLETED,EXTRUDER (3RD SHIFT),4934.000,Posted,7/10/2026 12:00:00 AM,5:54AM,,18:06:00,LBS    ,4934.000,0.000,Plus Materials                                    ,,592.0800,592.0800,0.0000,,,0,0,
16039,7/9/2026 12:00:00 AM,PRN Southeast                                ,COMPLETED,BALER,3920.000,Posted,7/10/2026 12:00:00 AM,5:55AM,,18:05:00,LBS    ,2230.000,-1690.000,Plus Materials                                    ,,113.1700,224.6700,111.5000,,,8,2,
16040,7/10/2026 12:00:00 AM,Plus Monroe Warehouse                        ,COMPLETED,AUTO-TIE BALER (1ST SHIFT),11476.000,Posted,7/13/2026 12:00:00 AM,5:46AM,,18:14:00,LBS    ,11476.000,0.000,Plus Materials                                    ,,158.7970,158.7900,0.0000,,,0,10,
16044,7/10/2026 12:00:00 AM,Plus Monroe Warehouse                        ,COMPLETED,EXTRUDER (1ST SHIFT),15188.000,Posted,7/13/2026 12:00:00 AM,5:46AM,,18:14:00,LBS    ,15188.000,0.000,Plus Materials                                    ,,1794.5800,1794.5800,0.0000,,,0,0,
16046,7/10/2026 12:00:00 AM,Plus Monroe Warehouse                        ,COMPLETED,GUILLOTINE (1ST SHIFT),9564.000,Posted,7/13/2026 12:00:00 AM,5:47AM,,18:13:00,LBS    ,9564.000,0.000,Plus Materials                                    ,,-61.9034,-61.9100,0.0000,,,12,0,
16047,7/10/2026 12:00:00 AM,Plus Monroe Warehouse                        ,COMPLETED,SHREDDER (1ST SHIFT),2396.000,Posted,7/13/2026 12:00:00 AM,5:47AM,,18:13:00,LBS    ,2396.000,0.000,Plus Materials                                    ,,24.8774,24.8800,0.0000,,,18,0,
16048,7/10/2026 12:00:00 AM,Monroe Processing Warehouse                  ,COMPLETED,SHREDDER/GRINDER (1ST SHIFT),5523.000,Posted,7/13/2026 12:00:00 AM,5:47AM,,18:13:00,LBS    ,5523.000,0.000,Plus Materials                                    ,,0.0000,0.0000,0.0000,,,44,0,
16050,7/10/2026 12:00:00 AM,Plus Monroe Warehouse                        ,COMPLETED,AUTO-TIE BALER (2ND SHIFT),8185.000,Posted,7/13/2026 12:00:00 AM,5:47AM,,18:13:00,LBS    ,8185.000,0.000,Plus Materials                                    ,,85.5349,85.5400,0.0000,,,35,0,
16054,7/10/2026 12:00:00 AM,Plus Monroe Warehouse                        ,COMPLETED,EXTRUDER (2ND SHIFT),4760.000,Posted,7/13/2026 12:00:00 AM,5:48AM,,18:12:00,LBS    ,4760.000,0.000,Plus Materials                                    ,,40.5759,40.5800,0.0000,,,0,0,
16056,7/10/2026 12:00:00 AM,Plus Monroe Warehouse                        ,COMPLETED,GUILLOTINE (2ND SHIFT),8170.000,Posted,7/13/2026 12:00:00 AM,5:48AM,,18:12:00,LBS    ,8170.000,0.000,Plus Materials                                    ,,228.7723,228.7600,0.0000,,,0,0,
16058,7/10/2026 12:00:00 AM,Monroe Processing Warehouse                  ,COMPLETED,SHREDDER/GRINDER (2ND SHIFT),5975.000,Posted,7/13/2026 12:00:00 AM,5:49AM,,18:11:00,LBS    ,5975.000,0.000,Plus Materials                                    ,,0.0000,0.0000,0.0000,,,0,0,
16064,7/10/2026 12:00:00 AM,Plus Monroe Warehouse                        ,COMPLETED,EXTRUDER (3RD SHIFT),5406.000,Posted,7/13/2026 12:00:00 AM,5:50AM,,18:10:00,LBS    ,5406.000,0.000,Plus Materials                                    ,,78.1858,78.1800,0.0000,,,0,0,
16066,7/10/2026 12:00:00 AM,Plus Monroe Warehouse                        ,COMPLETED,GUILLOTINE (3RD SHIFT),6647.000,Posted,7/13/2026 12:00:00 AM,5:50AM,,18:10:00,LBS    ,6647.000,0.000,Plus Materials                                    ,,218.5600,218.5700,0.0000,,,0,0,
16070,7/10/2026 12:00:00 AM,PRN Southeast                                ,COMPLETED,BALER,5907.000,Posted,7/13/2026 12:00:00 AM,5:51AM,,18:09:00,LBS    ,4765.000,-1142.000,Plus Materials                                    ,,266.3700,504.6200,238.2500,,,18,3,
16071,7/13/2026 12:00:00 AM,Plus Monroe Warehouse                        ,COMPLETED,AUTO-TIE BALER (1ST SHIFT),3809.000,Posted,7/14/2026 12:00:00 AM,5:00AM,,19:00:00,LBS    ,3809.000,0.000,Plus Materials                                    ,,204.7839,204.7800,0.0000,,,0,4,
16075,7/13/2026 12:00:00 AM,Plus Monroe Warehouse                        ,COMPLETED,EXTRUDER (1ST SHIFT),8556.000,Posted,7/14/2026 12:00:00 AM,5:01AM,,18:59:00,LBS    ,8556.000,0.000,Plus Materials                                    ,,427.8000,427.8000,0.0000,,,0,0,
16077,7/13/2026 12:00:00 AM,Plus Monroe Warehouse                        ,COMPLETED,GUILLOTINE (1ST SHIFT),6126.000,Posted,7/14/2026 12:00:00 AM,5:01AM,,18:59:00,LBS    ,6126.000,0.000,Plus Materials                                    ,,413.9500,413.9400,0.0000,,,0,0,
16078,7/13/2026 12:00:00 AM,Plus Monroe Warehouse                        ,COMPLETED,SHREDDER (1ST SHIFT),5195.000,Posted,7/14/2026 12:00:00 AM,5:01AM,,18:59:00,LBS    ,5195.000,0.000,Plus Materials                                    ,,122.4114,122.4100,0.0000,,,34,0,
16079,7/13/2026 12:00:00 AM,Monroe Processing Warehouse                  ,COMPLETED,SHREDDER/GRINDER (1ST SHIFT),5986.000,Posted,7/14/2026 12:00:00 AM,5:01AM,,18:59:00,LBS    ,5986.000,0.000,Plus Materials                                    ,,388.7013,388.7000,0.0000,,,26,0,
16081,7/13/2026 12:00:00 AM,Plus Monroe Warehouse                        ,COMPLETED,AUTO-TIE BALER (2ND SHIFT),3198.000,Posted,7/14/2026 12:00:00 AM,5:02AM,,18:58:00,LBS    ,3198.000,0.000,Plus Materials                                    ,,0.0000,0.0000,0.0000,,,35,0,
16085,7/13/2026 12:00:00 AM,Plus Monroe Warehouse                        ,COMPLETED,EXTRUDER (2ND SHIFT),5094.000,Posted,7/14/2026 12:00:00 AM,5:02AM,,18:58:00,LBS    ,5094.000,0.000,Plus Materials                                    ,,254.7000,254.7000,0.0000,,,0,0,
16087,7/13/2026 12:00:00 AM,Plus Monroe Warehouse                        ,COMPLETED,GUILLOTINE (2ND SHIFT),6536.000,Posted,7/14/2026 12:00:00 AM,5:02AM,,18:58:00,LBS    ,6536.000,0.000,Plus Materials                                    ,,638.3800,638.3700,0.0000,,,6,0,
16089,7/13/2026 12:00:00 AM,Monroe Processing Warehouse                  ,COMPLETED,SHREDDER/GRINDER (2ND SHIFT),5999.000,Posted,7/14/2026 12:00:00 AM,5:03AM,,18:57:00,LBS    ,5999.000,0.000,Plus Materials                                    ,,0.0000,0.0000,0.0000,,,40,0,
16091,7/13/2026 12:00:00 AM,Plus Monroe Warehouse                        ,COMPLETED,AUTO-TIE BALER (3RD SHIFT),11474.000,Posted,7/14/2026 12:00:00 AM,5:03AM,,18:57:00,LBS    ,11474.000,0.000,Plus Materials                                    ,,771.9569,771.9500,0.0000,,,2,9,
16095,7/13/2026 12:00:00 AM,Plus Monroe Warehouse                        ,COMPLETED,EXTRUDER (3RD SHIFT),5286.000,Posted,7/14/2026 12:00:00 AM,5:04AM,,18:56:00,LBS    ,5286.000,0.000,Plus Materials                                    ,,100.6040,100.6100,0.0000,,,0,0,
16101,7/13/2026 12:00:00 AM,PRN Southeast                                ,COMPLETED,BALER,8471.000,Posted,7/14/2026 12:00:00 AM,5:05AM,8:13AM,03:08:00,LBS    ,750.000,-7721.000,Plus Materials                                    ,,57.8300,57.8200,0.0000,,,1,8,
16102,7/14/2026 12:00:00 AM,Plus Monroe Warehouse                        ,COMPLETED,AUTO-TIE BALER (1ST SHIFT),6267.000,Posted,7/15/2026 12:00:00 AM,5:47AM,,18:13:00,LBS    ,6267.000,0.000,Plus Materials                                    ,,127.0750,127.0800,0.0000,,,31,4,
16106,7/14/2026 12:00:00 AM,Plus Monroe Warehouse                        ,COMPLETED,EXTRUDER (1ST SHIFT),7690.000,Posted,7/15/2026 12:00:00 AM,5:47AM,,18:13:00,LBS    ,7690.000,0.000,Plus Materials                                    ,,76.9000,76.9000,0.0000,,,30,0,
16108,7/14/2026 12:00:00 AM,Plus Monroe Warehouse                        ,COMPLETED,GUILLOTINE (1ST SHIFT),1826.000,Posted,7/15/2026 12:00:00 AM,5:48AM,,18:12:00,LBS    ,1826.000,0.000,Plus Materials                                    ,,-127.8200,-127.8200,0.0000,,,4,0,
16109,7/14/2026 12:00:00 AM,Plus Monroe Warehouse                        ,COMPLETED,SHREDDER (1ST SHIFT),3916.000,Posted,7/15/2026 12:00:00 AM,5:48AM,,18:12:00,LBS    ,3916.000,0.000,Plus Materials                                    ,,383.4399,383.4400,0.0000,,,11,0,
16110,7/14/2026 12:00:00 AM,Monroe Processing Warehouse                  ,COMPLETED,SHREDDER/GRINDER (1ST SHIFT),6086.000,Posted,7/15/2026 12:00:00 AM,5:48AM,,18:12:00,LBS    ,6086.000,0.000,Plus Materials                                    ,,60.8600,60.8600,0.0000,,,0,0,
16112,7/14/2026 12:00:00 AM,Plus Monroe Warehouse                        ,COMPLETED,AUTO-TIE BALER (2ND SHIFT),4249.000,Posted,7/15/2026 12:00:00 AM,5:48AM,,18:12:00,LBS    ,4249.000,0.000,Plus Materials                                    ,,-424.9000,-424.9000,0.0000,,,1,0,
16116,7/14/2026 12:00:00 AM,Plus Monroe Warehouse                        ,COMPLETED,EXTRUDER (2ND SHIFT),1568.000,Posted,7/15/2026 12:00:00 AM,5:49AM,,18:11:00,LBS    ,1568.000,0.000,Plus Materials                                    ,,51.5577,51.5600,0.0000,,,0,0,
16120,7/14/2026 12:00:00 AM,Monroe Processing Warehouse                  ,COMPLETED,SHREDDER/GRINDER (2ND SHIFT),3359.000,Posted,7/15/2026 12:00:00 AM,5:50AM,,18:10:00,LBS    ,3359.000,0.000,Plus Materials                                    ,,33.5900,33.5900,0.0000,,,0,0,
16122,7/14/2026 12:00:00 AM,Plus Monroe Warehouse                        ,COMPLETED,AUTO-TIE BALER (3RD SHIFT),6835.000,Posted,7/15/2026 12:00:00 AM,5:50AM,,18:10:00,LBS    ,6835.000,0.000,Plus Materials                                    ,,341.7500,341.7500,0.0000,,,19,5,
16126,7/14/2026 12:00:00 AM,Plus Monroe Warehouse                        ,COMPLETED,EXTRUDER (3RD SHIFT),3470.000,Posted,7/15/2026 12:00:00 AM,5:51AM,,18:09:00,LBS    ,3470.000,0.000,Plus Materials                                    ,,34.7000,34.7000,0.0000,,,0,0,
16128,7/14/2026 12:00:00 AM,Plus Monroe Warehouse                        ,COMPLETED,GUILLOTINE (3RD SHIFT),2010.000,Posted,7/15/2026 12:00:00 AM,5:51AM,,18:09:00,LBS    ,2010.000,0.000,Plus Materials                                    ,,20.1000,20.1000,0.0000,,,0,0,
16132,7/14/2026 12:00:00 AM,PRN Southeast                                ,COMPLETED,BALER,4052.000,Posted,7/15/2026 12:00:00 AM,5:52AM,,18:08:00,LBS    ,2850.000,-1202.000,Plus Materials                                    ,,133.3900,275.8900,142.5000,,,17,2,
16137,7/15/2026 12:00:00 AM,Plus Monroe Warehouse                        ,COMPLETED,EXTRUDER (1ST SHIFT),6812.000,Posted,7/16/2026 12:00:00 AM,5:51AM,,18:09:00,LBS    ,6812.000,0.000,Plus Materials                                    ,,204.3600,204.3600,0.0000,,,5,0,
16139,7/15/2026 12:00:00 AM,Plus Monroe Warehouse                        ,COMPLETED,GUILLOTINE (1ST SHIFT),2259.000,Posted,7/16/2026 12:00:00 AM,5:51AM,,18:09:00,LBS    ,2259.000,0.000,Plus Materials                                    ,,-158.1300,-158.1300,0.0000,,,0,0,
16140,7/15/2026 12:00:00 AM,Plus Monroe Warehouse                        ,COMPLETED,SHREDDER (1ST SHIFT),1309.000,Posted,7/16/2026 12:00:00 AM,5:52AM,,18:08:00,LBS    ,1309.000,0.000,Plus Materials                                    ,,32.4649,32.4700,0.0000,,,20,0,
16141,7/15/2026 12:00:00 AM,Monroe Processing Warehouse                  ,COMPLETED,SHREDDER/GRINDER (1ST SHIFT),714.000,Posted,7/16/2026 12:00:00 AM,5:52AM,,18:08:00,LBS    ,714.000,0.000,Plus Materials                                    ,,0.0000,0.0000,0.0000,,,0,0,
16143,7/15/2026 12:00:00 AM,Plus Monroe Warehouse                        ,COMPLETED,AUTO-TIE BALER (2ND SHIFT),8978.000,Posted,7/16/2026 12:00:00 AM,5:52AM,,18:08:00,LBS    ,8978.000,0.000,Plus Materials                                    ,,2114.9437,2114.9400,0.0000,,,0,0,
16147,7/15/2026 12:00:00 AM,Plus Monroe Warehouse                        ,COMPLETED,EXTRUDER (2ND SHIFT),4761.000,Posted,7/16/2026 12:00:00 AM,5:53AM,,18:07:00,LBS    ,4761.000,0.000,Plus Materials                                    ,,65.8600,65.8600,0.0000,,,0,0,
16149,7/15/2026 12:00:00 AM,Plus Monroe Warehouse                        ,COMPLETED,GUILLOTINE (2ND SHIFT),3418.000,Posted,7/16/2026 12:00:00 AM,5:53AM,,18:07:00,LBS    ,3418.000,0.000,Plus Materials                                    ,,-115.3400,-115.3400,0.0000,,,3,0,
16151,7/15/2026 12:00:00 AM,Monroe Processing Warehouse                  ,COMPLETED,SHREDDER/GRINDER (2ND SHIFT),1583.000,Posted,7/16/2026 12:00:00 AM,5:53AM,,18:07:00,LBS    ,1583.000,0.000,Plus Materials                                    ,,0.0000,0.0000,0.0000,,,0,0,
16153,7/15/2026 12:00:00 AM,Plus Monroe Warehouse                        ,COMPLETED,AUTO-TIE BALER (3RD SHIFT),8277.000,Posted,7/16/2026 12:00:00 AM,5:54AM,,18:06:00,LBS    ,8277.000,0.000,Plus Materials                                    ,,0.0000,0.0000,0.0000,,,0,7,
16157,7/15/2026 12:00:00 AM,Plus Monroe Warehouse                        ,COMPLETED,EXTRUDER (3RD SHIFT),4928.000,Posted,7/16/2026 12:00:00 AM,5:54AM,,18:06:00,LBS    ,4928.000,0.000,Plus Materials                                    ,,264.8843,264.8800,0.0000,,,0,0,
16159,7/15/2026 12:00:00 AM,Plus Monroe Warehouse                        ,COMPLETED,GUILLOTINE (3RD SHIFT),3676.000,Posted,7/16/2026 12:00:00 AM,5:55AM,,18:05:00,LBS    ,3676.000,0.000,Plus Materials                                    ,,36.7600,36.7600,0.0000,,,36,0,
16163,7/15/2026 12:00:00 AM,PRN Southeast                                ,COMPLETED,BALER,11741.000,Posted,7/16/2026 12:00:00 AM,5:55AM,,18:05:00,LBS    ,4412.000,-7329.000,Plus Materials                                    ,,157.3600,377.9700,220.6000,,,15,6,
16164,7/16/2026 12:00:00 AM,Plus Monroe Warehouse                        ,COMPLETED,AUTO-TIE BALER (1ST SHIFT),3278.000,Posted,7/17/2026 12:00:00 AM,5:48AM,,18:12:00,LBS    ,3278.000,0.000,Plus Materials                                    ,,0.0000,0.0000,0.0000,,,13,3,
16168,7/16/2026 12:00:00 AM,Plus Monroe Warehouse                        ,COMPLETED,EXTRUDER (1ST SHIFT),6071.000,Posted,7/17/2026 12:00:00 AM,5:49AM,,18:11:00,LBS    ,6071.000,0.000,Plus Materials                                    ,,303.5500,303.5500,0.0000,,,0,0,
16170,7/16/2026 12:00:00 AM,Plus Monroe Warehouse                        ,COMPLETED,GUILLOTINE (1ST SHIFT),3754.000,Posted,7/17/2026 12:00:00 AM,5:49AM,,18:11:00,LBS    ,3754.000,0.000,Plus Materials                                    ,,-262.7800,-262.7800,0.0000,,,8,0,
16171,7/16/2026 12:00:00 AM,Plus Monroe Warehouse                        ,COMPLETED,SHREDDER (1ST SHIFT),1236.000,Posted,7/17/2026 12:00:00 AM,5:49AM,,18:11:00,LBS    ,1236.000,0.000,Plus Materials                                    ,,23.8463,23.8500,0.0000,,,0,0,
16172,7/16/2026 12:00:00 AM,Monroe Processing Warehouse                  ,COMPLETED,SHREDDER/GRINDER (1ST SHIFT),8096.000,Posted,7/17/2026 12:00:00 AM,5:49AM,,18:11:00,LBS    ,8096.000,0.000,Plus Materials                                    ,,80.9600,80.9600,0.0000,,,0,0,
16174,7/16/2026 12:00:00 AM,Plus Monroe Warehouse                        ,COMPLETED,AUTO-TIE BALER (2ND SHIFT),7169.000,Posted,7/17/2026 12:00:00 AM,5:50AM,,18:10:00,LBS    ,7169.000,0.000,Plus Materials                                    ,,0.0000,0.0000,0.0000,,,31,0,
16178,7/16/2026 12:00:00 AM,Plus Monroe Warehouse                        ,COMPLETED,EXTRUDER (2ND SHIFT),3210.000,Posted,7/17/2026 12:00:00 AM,5:50AM,,18:10:00,LBS    ,3210.000,0.000,Plus Materials                                    ,,225.1313,225.1400,0.0000,,,0,0,
16180,7/16/2026 12:00:00 AM,Plus Monroe Warehouse                        ,COMPLETED,GUILLOTINE (2ND SHIFT),8984.000,Posted,7/17/2026 12:00:00 AM,5:51AM,,18:09:00,LBS    ,8984.000,0.000,Plus Materials                                    ,,351.4200,351.4300,0.0000,,,0,0,
16182,7/16/2026 12:00:00 AM,Monroe Processing Warehouse                  ,COMPLETED,SHREDDER/GRINDER (2ND SHIFT),5959.000,Posted,7/17/2026 12:00:00 AM,5:51AM,,18:09:00,LBS    ,5959.000,0.000,Plus Materials                                    ,,59.5900,59.5900,0.0000,,,0,0,
16184,7/16/2026 12:00:00 AM,Plus Monroe Warehouse                        ,COMPLETED,AUTO-TIE BALER (3RD SHIFT),7027.000,Posted,7/17/2026 12:00:00 AM,5:51AM,,18:09:00,LBS    ,7027.000,0.000,Plus Materials                                    ,,41.8959,41.9000,0.0000,,,0,6,
16188,7/16/2026 12:00:00 AM,Plus Monroe Warehouse                        ,COMPLETED,EXTRUDER (3RD SHIFT),5196.000,Posted,7/17/2026 12:00:00 AM,5:52AM,,18:08:00,LBS    ,5196.000,0.000,Plus Materials                                    ,,259.8000,259.8000,0.0000,,,0,0,
16190,7/16/2026 12:00:00 AM,Plus Monroe Warehouse                        ,COMPLETED,GUILLOTINE (3RD SHIFT),5367.000,Posted,7/17/2026 12:00:00 AM,5:52AM,,18:08:00,LBS    ,5367.000,0.000,Plus Materials                                    ,,53.1500,53.1500,0.0000,,,0,0,
16195,7/17/2026 12:00:00 AM,Plus Monroe Warehouse                        ,COMPLETED,AUTO-TIE BALER (1ST SHIFT),2563.000,Posted,7/20/2026 12:00:00 AM,5:54AM,,18:06:00,LBS    ,2563.000,0.000,Plus Materials                                    ,,0.0000,0.0000,0.0000,,,13,2,
16199,7/17/2026 12:00:00 AM,Plus Monroe Warehouse                        ,COMPLETED,EXTRUDER (1ST SHIFT),14585.000,Posted,7/20/2026 12:00:00 AM,5:55AM,,18:05:00,LBS    ,14585.000,0.000,Plus Materials                                    ,,0.0000,0.0000,0.0000,,,0,0,
16201,7/17/2026 12:00:00 AM,Plus Monroe Warehouse                        ,COMPLETED,GUILLOTINE (1ST SHIFT),11633.000,Posted,7/20/2026 12:00:00 AM,5:55AM,,18:05:00,LBS    ,11633.000,0.000,Plus Materials                                    ,,1744.9500,1744.9500,0.0000,,,14,0,
16202,7/17/2026 12:00:00 AM,Plus Monroe Warehouse                        ,COMPLETED,SHREDDER (1ST SHIFT),1965.000,Posted,7/20/2026 12:00:00 AM,5:56AM,,18:04:00,LBS    ,1965.000,0.000,Plus Materials                                    ,,56.0571,56.0500,0.0000,,,16,0,
16203,7/17/2026 12:00:00 AM,Monroe Processing Warehouse                  ,COMPLETED,SHREDDER/GRINDER (1ST SHIFT),6575.000,Posted,7/20/2026 12:00:00 AM,5:56AM,,18:04:00,LBS    ,6575.000,0.000,Plus Materials                                    ,,348.9795,348.9800,0.0000,,,10,0,
16205,7/17/2026 12:00:00 AM,Plus Monroe Warehouse                        ,COMPLETED,AUTO-TIE BALER (2ND SHIFT),7759.000,Posted,7/20/2026 12:00:00 AM,5:56AM,,18:04:00,LBS    ,7759.000,0.000,Plus Materials                                    ,,21.5600,21.5600,0.0000,,,4,0,
16209,7/17/2026 12:00:00 AM,Plus Monroe Warehouse                        ,COMPLETED,EXTRUDER (2ND SHIFT),3356.000,Posted,7/20/2026 12:00:00 AM,5:57AM,,18:03:00,LBS    ,3356.000,0.000,Plus Materials                                    ,,33.5600,33.5600,0.0000,,,12,0,
16211,7/17/2026 12:00:00 AM,Plus Monroe Warehouse                        ,COMPLETED,GUILLOTINE (2ND SHIFT),8048.000,Posted,7/20/2026 12:00:00 AM,5:57AM,,18:03:00,LBS    ,8048.000,0.000,Plus Materials                                    ,,0.0000,0.0000,0.0000,,,6,0,
16215,7/17/2026 12:00:00 AM,Plus Monroe Warehouse                        ,COMPLETED,AUTO-TIE BALER (3RD SHIFT),4995.000,Posted,7/20/2026 12:00:00 AM,5:58AM,,18:02:00,LBS    ,4995.000,0.000,Plus Materials                                    ,,0.0000,0.0000,0.0000,,,5,4,
16219,7/17/2026 12:00:00 AM,Plus Monroe Warehouse                        ,COMPLETED,EXTRUDER (3RD SHIFT),5412.000,Posted,7/20/2026 12:00:00 AM,6:14AM,,17:46:00,LBS    ,5412.000,0.000,Plus Materials                                    ,,811.8000,811.8000,0.0000,,,35,0,
16221,7/17/2026 12:00:00 AM,Plus Monroe Warehouse                        ,COMPLETED,GUILLOTINE (3RD SHIFT),6295.000,Posted,7/20/2026 12:00:00 AM,6:15AM,,17:45:00,LBS    ,6295.000,0.000,Plus Materials                                    ,,944.2500,944.2500,0.0000,,,0,0,
16225,7/17/2026 12:00:00 AM,PRN Southeast                                ,COMPLETED,BALER,6990.000,Posted,7/20/2026 12:00:00 AM,6:15AM,,17:45:00,LBS    ,4542.000,-2448.000,Plus Materials                                    ,,170.6100,397.7200,227.1000,,,18,5,
16226,7/20/2026 12:00:00 AM,Plus Monroe Warehouse                        ,COMPLETED,AUTO-TIE BALER (1ST SHIFT),3333.000,Posted,7/21/2026 12:00:00 AM,4:56AM,,19:04:00,LBS    ,3333.000,0.000,Plus Materials                                    ,,8.3350,8.3400,0.0000,,,13,3,
16230,7/20/2026 12:00:00 AM,Plus Monroe Warehouse                        ,COMPLETED,EXTRUDER (1ST SHIFT),10656.000,Posted,7/21/2026 12:00:00 AM,4:57AM,,19:03:00,LBS    ,10656.000,0.000,Plus Materials                                    ,,1598.4000,1598.4000,0.0000,,,0,0,
16232,7/20/2026 12:00:00 AM,Plus Monroe Warehouse                        ,COMPLETED,GUILLOTINE (1ST SHIFT),8922.000,Posted,7/21/2026 12:00:00 AM,4:57AM,,19:03:00,LBS    ,8922.000,0.000,Plus Materials                                    ,,89.2200,89.2200,0.0000,,,0,0,
16233,7/20/2026 12:00:00 AM,Plus Monroe Warehouse                        ,COMPLETED,SHREDDER (1ST SHIFT),1409.000,Posted,7/21/2026 12:00:00 AM,4:57AM,,19:03:00,LBS    ,1409.000,0.000,Plus Materials                                    ,,63.1430,63.1400,0.0000,,,19,0,
16234,7/20/2026 12:00:00 AM,Monroe Processing Warehouse                  ,COMPLETED,SHREDDER/GRINDER (1ST SHIFT),2662.000,Posted,7/21/2026 12:00:00 AM,4:57AM,,19:03:00,LBS    ,2662.000,0.000,Plus Materials                                    ,,266.2000,266.2000,0.0000,,,55,0,
16236,7/20/2026 12:00:00 AM,Plus Monroe Warehouse                        ,COMPLETED,AUTO-TIE BALER (2ND SHIFT),3066.000,Posted,7/21/2026 12:00:00 AM,4:58AM,,19:02:00,LBS    ,3066.000,0.000,Plus Materials                                    ,,0.0000,0.0000,0.0000,,,0,0,
16240,7/20/2026 12:00:00 AM,Plus Monroe Warehouse                        ,COMPLETED,EXTRUDER (2ND SHIFT),4636.000,Posted,7/21/2026 12:00:00 AM,4:58AM,,19:02:00,LBS    ,4636.000,0.000,Plus Materials                                    ,,0.0000,0.0000,0.0000,,,10,0,
16242,7/20/2026 12:00:00 AM,Plus Monroe Warehouse                        ,COMPLETED,GUILLOTINE (2ND SHIFT),9210.000,Posted,7/21/2026 12:00:00 AM,4:59AM,,19:01:00,LBS    ,9210.000,0.000,Plus Materials                                    ,,816.2084,816.2000,0.0000,,,46,0,
16244,7/20/2026 12:00:00 AM,Monroe Processing Warehouse                  ,COMPLETED,SHREDDER/GRINDER (2ND SHIFT),5282.000,Posted,7/21/2026 12:00:00 AM,4:59AM,,19:01:00,LBS    ,5282.000,0.000,Plus Materials                                    ,,263.2449,263.2300,0.0000,,,5,0,
16246,7/20/2026 12:00:00 AM,Plus Monroe Warehouse                        ,COMPLETED,AUTO-TIE BALER (3RD SHIFT),9116.000,Posted,7/21/2026 12:00:00 AM,4:59AM,,19:01:00,LBS    ,9116.000,0.000,Plus Materials                                    ,,0.0000,0.0000,0.0000,,,52,8,
16250,7/20/2026 12:00:00 AM,Plus Monroe Warehouse                        ,COMPLETED,EXTRUDER (3RD SHIFT),5556.000,Posted,7/21/2026 12:00:00 AM,5:00AM,,19:00:00,LBS    ,5556.000,0.000,Plus Materials                                    ,,833.4000,833.4000,0.0000,,,0,0,
16252,7/20/2026 12:00:00 AM,Plus Monroe Warehouse                        ,COMPLETED,GUILLOTINE (3RD SHIFT),6420.000,Posted,7/21/2026 12:00:00 AM,5:00AM,,19:00:00,LBS    ,6420.000,0.000,Plus Materials                                    ,,963.0000,963.0000,0.0000,,,0,0,
16256,7/20/2026 12:00:00 AM,PRN Southeast                                ,COMPLETED,BALER,1840.000,Posted,7/21/2026 12:00:00 AM,5:01AM,,18:59:00,LBS    ,2145.000,305.000,Plus Materials                                    ,,79.2900,186.5400,107.2500,,,9,1,
16257,7/21/2026 12:00:00 AM,Plus Monroe Warehouse                        ,COMPLETED,AUTO-TIE BALER (1ST SHIFT),5887.000,Posted,7/22/2026 12:00:00 AM,5:51AM,,18:09:00,LBS    ,5887.000,0.000,Plus Materials                                    ,,0.0000,0.0000,0.0000,,,13,5,
16261,7/21/2026 12:00:00 AM,Plus Monroe Warehouse                        ,COMPLETED,EXTRUDER (1ST SHIFT),9154.000,Posted,7/22/2026 12:00:00 AM,5:52AM,,18:08:00,LBS    ,9154.000,0.000,Plus Materials                                    ,,1373.1000,1373.1000,0.0000,,,0,0,
16263,7/21/2026 12:00:00 AM,Plus Monroe Warehouse                        ,COMPLETED,GUILLOTINE (1ST SHIFT),7650.000,Posted,7/22/2026 12:00:00 AM,5:52AM,,18:08:00,LBS    ,7650.000,0.000,Plus Materials                                    ,,677.9576,677.9600,0.0000,,,0,0,
16264,7/21/2026 12:00:00 AM,Plus Monroe Warehouse                        ,COMPLETED,SHREDDER (1ST SHIFT),1539.000,Posted,7/22/2026 12:00:00 AM,5:52AM,,18:08:00,LBS    ,1539.000,0.000,Plus Materials                                    ,,46.2131,46.2300,0.0000,,,17,0,
16265,7/21/2026 12:00:00 AM,Monroe Processing Warehouse                  ,COMPLETED,SHREDDER/GRINDER (1ST SHIFT),6960.000,Posted,7/22/2026 12:00:00 AM,5:52AM,,18:08:00,LBS    ,6960.000,0.000,Plus Materials                                    ,,616.8073,616.8000,0.0000,,,0,0,
16267,7/21/2026 12:00:00 AM,Plus Monroe Warehouse                        ,COMPLETED,AUTO-TIE BALER (2ND SHIFT),1405.000,Posted,7/22/2026 12:00:00 AM,5:53AM,,18:07:00,LBS    ,1405.000,0.000,Plus Materials                                    ,,0.0000,0.0000,0.0000,,,0,0,
16271,7/21/2026 12:00:00 AM,Plus Monroe Warehouse                        ,COMPLETED,EXTRUDER (2ND SHIFT),5788.000,Posted,7/22/2026 12:00:00 AM,5:53AM,,18:07:00,LBS    ,5788.000,0.000,Plus Materials                                    ,,0.0000,0.0000,0.0000,,,21,0,
16273,7/21/2026 12:00:00 AM,Plus Monroe Warehouse                        ,COMPLETED,GUILLOTINE (2ND SHIFT),11090.000,Posted,7/22/2026 12:00:00 AM,5:53AM,,18:07:00,LBS    ,11090.000,0.000,Plus Materials                                    ,,673.5319,673.5200,0.0000,,,13,0,
16275,7/21/2026 12:00:00 AM,Monroe Processing Warehouse                  ,COMPLETED,SHREDDER/GRINDER (2ND SHIFT),6828.000,Posted,7/22/2026 12:00:00 AM,5:54AM,,18:06:00,LBS    ,6828.000,0.000,Plus Materials                                    ,,0.0000,0.0000,0.0000,,,1,0,
16277,7/21/2026 12:00:00 AM,Plus Monroe Warehouse                        ,COMPLETED,AUTO-TIE BALER (3RD SHIFT),1044.000,Posted,7/22/2026 12:00:00 AM,5:54AM,,18:06:00,LBS    ,1044.000,0.000,Plus Materials                                    ,,70.0150,70.0200,0.0000,,,0,1,
16281,7/21/2026 12:00:00 AM,Plus Monroe Warehouse                        ,COMPLETED,EXTRUDER (3RD SHIFT),6343.000,Posted,7/22/2026 12:00:00 AM,5:55AM,,18:05:00,LBS    ,6343.000,0.000,Plus Materials                                    ,,634.3000,634.3000,0.0000,,,18,0,
16283,7/21/2026 12:00:00 AM,Plus Monroe Warehouse                        ,COMPLETED,GUILLOTINE (3RD SHIFT),7066.000,Posted,7/22/2026 12:00:00 AM,5:55AM,,18:05:00,LBS    ,7066.000,0.000,Plus Materials                                    ,,706.6000,706.6000,0.0000,,,0,0,
16288,7/22/2026 12:00:00 AM,Plus Monroe Warehouse                        ,COMPLETED,AUTO-TIE BALER (1ST SHIFT),4569.000,Posted,7/23/2026 12:00:00 AM,5:50AM,,18:10:00,LBS    ,4569.000,0.000,Plus Materials                                    ,,75.5000,75.5000,0.0000,,,21,3,
16292,7/22/2026 12:00:00 AM,Plus Monroe Warehouse                        ,COMPLETED,EXTRUDER (1ST SHIFT),7489.000,Posted,7/23/2026 12:00:00 AM,5:51AM,,18:09:00,LBS    ,7489.000,0.000,Plus Materials                                    ,,898.6800,898.6800,0.0000,,,200,0,
16294,7/22/2026 12:00:00 AM,Plus Monroe Warehouse                        ,COMPLETED,GUILLOTINE (1ST SHIFT),9899.000,Posted,7/23/2026 12:00:00 AM,5:51AM,,18:09:00,LBS    ,9899.000,0.000,Plus Materials                                    ,,811.9741,811.9700,0.0000,,,21,0,
16295,7/22/2026 12:00:00 AM,Plus Monroe Warehouse                        ,COMPLETED,SHREDDER (1ST SHIFT),1539.000,Posted,7/23/2026 12:00:00 AM,5:51AM,,18:09:00,LBS    ,1539.000,0.000,Plus Materials                                    ,,30.9100,30.9100,0.0000,,,18,0,
16296,7/22/2026 12:00:00 AM,Monroe Processing Warehouse                  ,COMPLETED,SHREDDER/GRINDER (1ST SHIFT),6857.000,Posted,7/23/2026 12:00:00 AM,5:52AM,,18:08:00,LBS    ,6857.000,0.000,Plus Materials                                    ,,0.0000,0.0000,0.0000,,,0,0,
16298,7/22/2026 12:00:00 AM,Plus Monroe Warehouse                        ,COMPLETED,AUTO-TIE BALER (2ND SHIFT),7624.000,Posted,7/23/2026 12:00:00 AM,5:52AM,,18:08:00,LBS    ,7624.000,0.000,Plus Materials                                    ,,142.6461,142.6500,0.0000,,,52,0,
16302,7/22/2026 12:00:00 AM,Plus Monroe Warehouse                        ,COMPLETED,EXTRUDER (2ND SHIFT),6094.000,Posted,7/23/2026 12:00:00 AM,5:52AM,,18:08:00,LBS    ,6094.000,0.000,Plus Materials                                    ,,731.2800,731.2800,0.0000,,,8,0,
16304,7/22/2026 12:00:00 AM,Plus Monroe Warehouse                        ,COMPLETED,GUILLOTINE (2ND SHIFT),9727.000,Posted,7/23/2026 12:00:00 AM,5:53AM,,18:07:00,LBS    ,9727.000,0.000,Plus Materials                                    ,,491.7600,491.7500,0.0000,,,0,0,
16306,7/22/2026 12:00:00 AM,Monroe Processing Warehouse                  ,COMPLETED,SHREDDER/GRINDER (2ND SHIFT),4676.000,Posted,7/23/2026 12:00:00 AM,5:53AM,,18:07:00,LBS    ,4676.000,0.000,Plus Materials                                    ,,231.7457,231.7400,0.0000,,,3,0,
16308,7/22/2026 12:00:00 AM,Plus Monroe Warehouse                        ,COMPLETED,AUTO-TIE BALER (3RD SHIFT),7260.000,Posted,7/23/2026 12:00:00 AM,5:53AM,,18:07:00,LBS    ,7260.000,0.000,Plus Materials                                    ,,795.7748,795.7800,0.0000,,,0,6,
16312,7/22/2026 12:00:00 AM,Plus Monroe Warehouse                        ,COMPLETED,EXTRUDER (3RD SHIFT),4532.000,Posted,7/23/2026 12:00:00 AM,5:54AM,,18:06:00,LBS    ,4532.000,0.000,Plus Materials                                    ,,543.8400,543.8400,0.0000,,,0,0,
16314,7/22/2026 12:00:00 AM,Plus Monroe Warehouse                        ,COMPLETED,GUILLOTINE (3RD SHIFT),6189.000,Posted,7/23/2026 12:00:00 AM,5:54AM,,18:06:00,LBS    ,6189.000,0.000,Plus Materials                                    ,,742.6800,742.6800,0.0000,,,0,0,
16318,7/22/2026 12:00:00 AM,PRN Southeast                                ,COMPLETED,BALER,2730.000,Posted,7/23/2026 12:00:00 AM,5:55AM,,18:05:00,LBS    ,2013.000,-717.000,Plus Materials                                    ,,76.3700,177.0200,100.6500,,,6,2,
16319,7/23/2026 12:00:00 AM,Plus Monroe Warehouse                        ,COMPLETED,AUTO-TIE BALER (1ST SHIFT),7881.000,Posted,7/24/2026 12:00:00 AM,5:44AM,,18:16:00,LBS    ,7881.000,0.000,Plus Materials                                    ,,788.1000,788.1000,0.0000,,,28,6,
16323,7/23/2026 12:00:00 AM,Plus Monroe Warehouse                        ,COMPLETED,EXTRUDER (1ST SHIFT),8329.000,Posted,7/24/2026 12:00:00 AM,5:44AM,,18:16:00,LBS    ,8329.000,0.000,Plus Materials                                    ,,45.1000,45.1100,0.0000,,,6,0,
16325,7/23/2026 12:00:00 AM,Plus Monroe Warehouse                        ,COMPLETED,GUILLOTINE (1ST SHIFT),9323.000,Posted,7/24/2026 12:00:00 AM,5:44AM,,18:16:00,LBS    ,9323.000,0.000,Plus Materials                                    ,,0.0000,0.0000,0.0000,,,13,0,
16326,7/23/2026 12:00:00 AM,Plus Monroe Warehouse                        ,COMPLETED,SHREDDER (1ST SHIFT),791.000,Posted,7/24/2026 12:00:00 AM,5:45AM,,18:15:00,LBS    ,791.000,0.000,Plus Materials                                    ,,49.6923,49.6900,0.0000,,,19,0,
16327,7/23/2026 12:00:00 AM,Monroe Processing Warehouse                  ,COMPLETED,SHREDDER/GRINDER (1ST SHIFT),4473.000,Posted,7/24/2026 12:00:00 AM,5:45AM,,18:15:00,LBS    ,4473.000,0.000,Plus Materials                                    ,,230.4398,230.4500,0.0000,,,2,0,
16329,7/23/2026 12:00:00 AM,Plus Monroe Warehouse                        ,COMPLETED,AUTO-TIE BALER (2ND SHIFT),7263.000,Posted,7/24/2026 12:00:00 AM,5:45AM,,18:15:00,LBS    ,7263.000,0.000,Plus Materials                                    ,,1947.0109,1947.0200,0.0000,,,9,0,
16333,7/23/2026 12:00:00 AM,Plus Monroe Warehouse                        ,COMPLETED,EXTRUDER (2ND SHIFT),4944.000,Posted,7/24/2026 12:00:00 AM,5:46AM,,18:14:00,LBS    ,4944.000,0.000,Plus Materials                                    ,,741.6000,741.6000,0.0000,,,0,0,
16335,7/23/2026 12:00:00 AM,Plus Monroe Warehouse                        ,COMPLETED,GUILLOTINE (2ND SHIFT),9592.000,Posted,7/24/2026 12:00:00 AM,5:46AM,,18:14:00,LBS    ,9592.000,0.000,Plus Materials                                    ,,217.5276,217.5300,0.0000,,,16,0,
16337,7/23/2026 12:00:00 AM,Monroe Processing Warehouse                  ,COMPLETED,SHREDDER/GRINDER (2ND SHIFT),2788.000,Posted,7/24/2026 12:00:00 AM,5:47AM,,18:13:00,LBS    ,2788.000,0.000,Plus Materials                                    ,,127.9234,127.9200,0.0000,,,4,0,
16339,7/23/2026 12:00:00 AM,Plus Monroe Warehouse                        ,COMPLETED,AUTO-TIE BALER (3RD SHIFT),8157.000,Posted,7/24/2026 12:00:00 AM,5:47AM,,18:13:00,LBS    ,8157.000,0.000,Plus Materials                                    ,,2186.6680,2186.6700,0.0000,,,0,6,
16343,7/23/2026 12:00:00 AM,Plus Monroe Warehouse                        ,COMPLETED,EXTRUDER (3RD SHIFT),3494.000,Posted,7/24/2026 12:00:00 AM,5:47AM,,18:13:00,LBS    ,3494.000,0.000,Plus Materials                                    ,,34.9400,34.9400,0.0000,,,21,0,
16345,7/23/2026 12:00:00 AM,Plus Monroe Warehouse                        ,COMPLETED,GUILLOTINE (3RD SHIFT),10584.000,Posted,7/24/2026 12:00:00 AM,5:48AM,,18:12:00,LBS    ,10584.000,0.000,Plus Materials                                    ,,179.9500,179.9800,0.0000,,,12,0,
16349,7/23/2026 12:00:00 AM,PRN Southeast                                ,COMPLETED,BALER,4975.000,Posted,7/24/2026 12:00:00 AM,5:48AM,,18:12:00,LBS    ,5060.000,85.000,Plus Materials                                    ,,285.9900,538.9900,253.0000,,,18,3,
16350,7/24/2026 12:00:00 AM,Plus Monroe Warehouse                        ,COMPLETED,AUTO-TIE BALER (1ST SHIFT),5737.000,Posted,7/27/2026 12:00:00 AM,5:52AM,,18:08:00,LBS    ,5737.000,0.000,Plus Materials                                    ,,0.0000,0.0000,0.0000,,,52,5,
16354,7/24/2026 12:00:00 AM,Plus Monroe Warehouse                        ,COMPLETED,EXTRUDER (1ST SHIFT),11968.000,Posted,7/27/2026 12:00:00 AM,5:53AM,,18:07:00,LBS    ,11968.000,0.000,Plus Materials                                    ,,0.0000,0.0000,0.0000,,,42,0,
16356,7/24/2026 12:00:00 AM,Plus Monroe Warehouse                        ,COMPLETED,GUILLOTINE (1ST SHIFT),12047.000,Posted,7/27/2026 12:00:00 AM,5:53AM,,18:07:00,LBS    ,12047.000,0.000,Plus Materials                                    ,,753.0019,752.9900,0.0000,,,67,0,
16358,7/24/2026 12:00:00 AM,Monroe Processing Warehouse                  ,COMPLETED,SHREDDER/GRINDER (1ST SHIFT),5906.000,Posted,7/27/2026 12:00:00 AM,5:53AM,,18:07:00,LBS    ,5906.000,0.000,Plus Materials                                    ,,552.7131,552.7100,0.0000,,,0,0,
16360,7/24/2026 12:00:00 AM,Plus Monroe Warehouse                        ,COMPLETED,AUTO-TIE BALER (2ND SHIFT),10879.000,Posted,7/27/2026 12:00:00 AM,5:53AM,,18:07:00,LBS    ,10879.000,0.000,Plus Materials                                    ,,0.0000,0.0000,0.0000,,,16,0,
16364,7/24/2026 12:00:00 AM,Plus Monroe Warehouse                        ,COMPLETED,EXTRUDER (2ND SHIFT),4794.000,Posted,7/27/2026 12:00:00 AM,5:54AM,,18:06:00,LBS    ,4794.000,0.000,Plus Materials                                    ,,368.4000,368.4000,0.0000,,,5,0,
16366,7/24/2026 12:00:00 AM,Plus Monroe Warehouse                        ,COMPLETED,GUILLOTINE (2ND SHIFT),8534.000,Posted,7/27/2026 12:00:00 AM,5:54AM,,18:06:00,LBS    ,8534.000,0.000,Plus Materials                                    ,,177.0692,177.0600,0.0000,,,26,0,
16368,7/24/2026 12:00:00 AM,Monroe Processing Warehouse                  ,COMPLETED,SHREDDER/GRINDER (2ND SHIFT),1934.000,Posted,7/27/2026 12:00:00 AM,5:55AM,,18:05:00,LBS    ,1934.000,0.000,Plus Materials                                    ,,101.4768,101.4800,0.0000,,,6,0,
16370,7/24/2026 12:00:00 AM,Plus Monroe Warehouse                        ,COMPLETED,AUTO-TIE BALER (3RD SHIFT),7407.000,Posted,7/27/2026 12:00:00 AM,5:55AM,,18:05:00,LBS    ,7407.000,0.000,Plus Materials                                    ,,436.0717,436.0600,0.0000,,,52,6,
16374,7/24/2026 12:00:00 AM,Plus Monroe Warehouse                        ,COMPLETED,EXTRUDER (3RD SHIFT),5035.000,Posted,7/27/2026 12:00:00 AM,5:56AM,,18:04:00,LBS    ,5035.000,0.000,Plus Materials                                    ,,0.0000,0.0000,0.0000,,,14,0,
16380,7/24/2026 12:00:00 AM,PRN Southeast                                ,COMPLETED,BALER,7865.000,Posted,7/27/2026 12:00:00 AM,5:57AM,,18:03:00,LBS    ,4999.000,-2866.000,Plus Materials                                    ,,285.6600,535.6100,249.9500,,,17,5,
16381,7/27/2026 12:00:00 AM,Plus Monroe Warehouse                        ,COMPLETED,AUTO-TIE BALER (1ST SHIFT),3689.000,Posted,7/28/2026 12:00:00 AM,4:56AM,,19:04:00,LBS    ,3689.000,0.000,Plus Materials                                    ,,0.0000,0.0000,0.0000,,,16,3,
16385,7/27/2026 12:00:00 AM,Plus Monroe Warehouse                        ,COMPLETED,EXTRUDER (1ST SHIFT),6165.000,Posted,7/28/2026 12:00:00 AM,4:56AM,,19:04:00,LBS    ,6165.000,0.000,Plus Materials                                    ,,22.7500,22.7500,0.0000,,,30,0,
16387,7/27/2026 12:00:00 AM,Plus Monroe Warehouse                        ,COMPLETED,GUILLOTINE (1ST SHIFT),7238.000,Posted,7/28/2026 12:00:00 AM,4:57AM,,19:03:00,LBS    ,7238.000,0.000,Plus Materials                                    ,,677.3704,677.3600,0.0000,,,0,0,
16389,7/27/2026 12:00:00 AM,Monroe Processing Warehouse                  ,COMPLETED,SHREDDER/GRINDER (1ST SHIFT),4963.000,Posted,7/28/2026 12:00:00 AM,4:57AM,,19:03:00,LBS    ,4963.000,0.000,Plus Materials                                    ,,0.0000,0.0000,0.0000,,,0,0,
16391,7/27/2026 12:00:00 AM,Plus Monroe Warehouse                        ,COMPLETED,AUTO-TIE BALER (2ND SHIFT),6251.000,Posted,7/28/2026 12:00:00 AM,4:57AM,,19:03:00,LBS    ,6251.000,0.000,Plus Materials                                    ,,512.5000,512.5000,0.0000,,,0,5780,
16395,7/27/2026 12:00:00 AM,Plus Monroe Warehouse                        ,COMPLETED,EXTRUDER (2ND SHIFT),4366.000,Posted,7/28/2026 12:00:00 AM,4:58AM,,19:02:00,LBS    ,4366.000,0.000,Plus Materials                                    ,,213.1000,213.1000,0.0000,,,3,0,
16397,7/27/2026 12:00:00 AM,Plus Monroe Warehouse                        ,COMPLETED,GUILLOTINE (2ND SHIFT),9403.000,Posted,7/28/2026 12:00:00 AM,4:58AM,,19:02:00,LBS    ,9403.000,0.000,Plus Materials                                    ,,0.0000,0.0000,0.0000,,,30,0,
16399,7/27/2026 12:00:00 AM,Monroe Processing Warehouse                  ,COMPLETED,SHREDDER/GRINDER (2ND SHIFT),4237.000,Posted,7/28/2026 12:00:00 AM,4:59AM,,19:01:00,LBS    ,4237.000,0.000,Plus Materials                                    ,,0.0000,0.0000,0.0000,,,1,0,
16401,7/27/2026 12:00:00 AM,Plus Monroe Warehouse                        ,COMPLETED,AUTO-TIE BALER (3RD SHIFT),5852.000,Posted,7/28/2026 12:00:00 AM,4:59AM,,19:01:00,LBS    ,5852.000,0.000,Plus Materials                                    ,,0.0000,0.0000,0.0000,,,35,45,
16405,7/27/2026 12:00:00 AM,Plus Monroe Warehouse                        ,COMPLETED,EXTRUDER (3RD SHIFT),3572.000,Posted,7/28/2026 12:00:00 AM,5:00AM,,19:00:00,LBS    ,3572.000,0.000,Plus Materials                                    ,,0.0000,0.0000,0.0000,,,0,0,
16407,7/27/2026 12:00:00 AM,Plus Monroe Warehouse                        ,COMPLETED,GUILLOTINE (3RD SHIFT),5151.000,Posted,7/28/2026 12:00:00 AM,5:00AM,,19:00:00,LBS    ,5151.000,0.000,Plus Materials                                    ,,0.0000,0.0000,0.0000,,,0,0,
16411,7/27/2026 12:00:00 AM,PRN Southeast                                ,COMPLETED,BALER,1895.000,Posted,7/28/2026 12:00:00 AM,5:01AM,,18:59:00,LBS    ,1300.000,-595.000,Plus Materials                                    ,,71.2100,136.2100,65.0000,,,4,1,
16412,7/27/2026 12:00:00 AM,PRN Southeast                                ,COMPLETED,BALER,2390.000,Posted,7/28/2026 12:00:00 AM,5:09AM,,18:51:00,LBS    ,2015.000,-375.000,Plus Materials                                    ,,88.2300,188.9800,100.7500,,,8,2,
16417,7/28/2026 12:00:00 AM,Plus Monroe Warehouse                        ,COMPLETED,EXTRUDER (1ST SHIFT),6562.000,Posted,7/29/2026 12:00:00 AM,5:46AM,,18:14:00,LBS    ,6562.000,0.000,Plus Materials                                    ,,0.0000,0.0000,0.0000,,,0,0,
16419,7/28/2026 12:00:00 AM,Plus Monroe Warehouse                        ,COMPLETED,GUILLOTINE (1ST SHIFT),4885.000,Posted,7/29/2026 12:00:00 AM,5:47AM,,18:13:00,LBS    ,4885.000,0.000,Plus Materials                                    ,,0.0000,0.0000,0.0000,,,48,0,
16420,7/28/2026 12:00:00 AM,Plus Monroe Warehouse                        ,COMPLETED,SHREDDER (1ST SHIFT),595.000,Posted,7/29/2026 12:00:00 AM,5:47AM,,18:13:00,LBS    ,595.000,0.000,Plus Materials                                    ,,0.0000,0.0000,0.0000,,,0,0,
16421,7/28/2026 12:00:00 AM,Monroe Processing Warehouse                  ,COMPLETED,SHREDDER/GRINDER (1ST SHIFT),3213.000,Posted,7/29/2026 12:00:00 AM,5:47AM,,18:13:00,LBS    ,3213.000,0.000,Plus Materials                                    ,,0.0000,0.0000,0.0000,,,0,0,
16427,7/28/2026 12:00:00 AM,Plus Monroe Warehouse                        ,COMPLETED,EXTRUDER (2ND SHIFT),5688.000,Posted,7/29/2026 12:00:00 AM,5:48AM,,18:12:00,LBS    ,5688.000,0.000,Plus Materials                                    ,,0.0000,0.0000,0.0000,,,0,0,
16429,7/28/2026 12:00:00 AM,Plus Monroe Warehouse                        ,COMPLETED,GUILLOTINE (2ND SHIFT),7346.000,Posted,7/29/2026 12:00:00 AM,5:48AM,,18:12:00,LBS    ,7346.000,0.000,Plus Materials                                    ,,0.0000,0.0000,0.0000,,,0,0,
16431,7/28/2026 12:00:00 AM,Monroe Processing Warehouse                  ,COMPLETED,SHREDDER/GRINDER (2ND SHIFT),3807.000,Posted,7/29/2026 12:00:00 AM,5:49AM,,18:11:00,LBS    ,3807.000,0.000,Plus Materials                                    ,,0.0000,0.0000,0.0000,,,0,0,
16437,7/28/2026 12:00:00 AM,Plus Monroe Warehouse                        ,COMPLETED,EXTRUDER (3RD SHIFT),5318.000,Posted,7/29/2026 12:00:00 AM,5:49AM,,18:11:00,LBS    ,5318.000,0.000,Plus Materials                                    ,,0.0000,0.0000,0.0000,,,0,0,
16441,7/28/2026 12:00:00 AM,Monroe Processing Warehouse                  ,COMPLETED,SHREDDER/GRINDER (3RD SHIFT),1696.000,Posted,7/29/2026 12:00:00 AM,5:50AM,,18:10:00,LBS    ,1696.000,0.000,Plus Materials                                    ,,179.3806,179.3800,0.0000,,,0,0,
16443,7/28/2026 12:00:00 AM,PRN Southeast                                ,COMPLETED,BALER,6690.000,Posted,7/29/2026 12:00:00 AM,6:29AM,,17:31:00,LBS    ,5290.000,-1400.000,Plus Materials                                    ,,301.5400,566.0400,264.5000,,,20,3,
16448,7/29/2026 12:00:00 AM,Plus Monroe Warehouse                        ,COMPLETED,EXTRUDER (1ST SHIFT),2700.000,Posted,7/30/2026 12:00:00 AM,5:51AM,,18:09:00,LBS    ,2700.000,0.000,Plus Materials                                    ,,0.0000,0.0000,0.0000,,,0,0,
16450,7/29/2026 12:00:00 AM,Plus Monroe Warehouse                        ,COMPLETED,GUILLOTINE (1ST SHIFT),6818.000,Posted,7/30/2026 12:00:00 AM,5:51AM,,18:09:00,LBS    ,6818.000,0.000,Plus Materials                                    ,,0.0000,0.0000,0.0000,,,48,0,
16451,7/29/2026 12:00:00 AM,Plus Monroe Warehouse                        ,COMPLETED,SHREDDER (1ST SHIFT),1106.000,Posted,7/30/2026 12:00:00 AM,5:51AM,,18:09:00,LBS    ,1106.000,0.000,Plus Materials                                    ,,99.5400,99.5400,0.0000,,,0,0,
16452,7/29/2026 12:00:00 AM,Monroe Processing Warehouse                  ,COMPLETED,SHREDDER/GRINDER (1ST SHIFT),6780.000,Posted,7/30/2026 12:00:00 AM,5:51AM,,18:09:00,LBS    ,6780.000,0.000,Plus Materials                                    ,,705.6041,705.6000,0.0000,,,0,0,
16454,7/29/2026 12:00:00 AM,Plus Monroe Warehouse                        ,COMPLETED,AUTO-TIE BALER (2ND SHIFT),1458.000,Posted,7/30/2026 12:00:00 AM,5:52AM,,18:08:00,LBS    ,1458.000,0.000,Plus Materials                                    ,,0.0000,0.0000,0.0000,,,0,0,
16458,7/29/2026 12:00:00 AM,Plus Monroe Warehouse                        ,COMPLETED,EXTRUDER (2ND SHIFT),4700.000,Posted,7/30/2026 12:00:00 AM,5:52AM,,18:08:00,LBS    ,4700.000,0.000,Plus Materials                                    ,,0.0000,0.0000,0.0000,,,0,0,
16460,7/29/2026 12:00:00 AM,Plus Monroe Warehouse                        ,COMPLETED,GUILLOTINE (2ND SHIFT),6647.000,Posted,7/30/2026 12:00:00 AM,5:53AM,,18:07:00,LBS    ,6647.000,0.000,Plus Materials                                    ,,0.0000,0.0000,0.0000,,,0,0,
16462,7/29/2026 12:00:00 AM,Monroe Processing Warehouse                  ,COMPLETED,SHREDDER/GRINDER (2ND SHIFT),6404.000,Posted,7/30/2026 12:00:00 AM,5:53AM,,18:07:00,LBS    ,6404.000,0.000,Plus Materials                                    ,,666.4718,666.4700,0.0000,,,0,0,
16464,7/29/2026 12:00:00 AM,Plus Monroe Warehouse                        ,COMPLETED,AUTO-TIE BALER (3RD SHIFT),5391.000,Posted,7/30/2026 12:00:00 AM,5:53AM,,18:07:00,LBS    ,5391.000,0.000,Plus Materials                                    ,,163.3500,163.3400,0.0000,,,70,4,
16475,7/30/2026 12:00:00 AM,Plus Monroe Warehouse                        ,COMPLETED,AUTO-TIE BALER (1ST SHIFT),1824.000,Posted,7/31/2026 12:00:00 AM,5:47AM,,18:13:00,LBS    ,1824.000,0.000,Plus Materials                                    ,,0.0000,0.0000,0.0000,,,5,2,
16479,7/30/2026 12:00:00 AM,Plus Monroe Warehouse                        ,COMPLETED,EXTRUDER (1ST SHIFT),5190.000,Posted,7/31/2026 12:00:00 AM,5:48AM,,18:12:00,LBS    ,5190.000,0.000,Plus Materials                                    ,,0.0000,0.0000,0.0000,,,0,0,
16481,7/30/2026 12:00:00 AM,Plus Monroe Warehouse                        ,COMPLETED,GUILLOTINE (1ST SHIFT),3864.000,Posted,7/31/2026 12:00:00 AM,5:48AM,,18:12:00,LBS    ,3864.000,0.000,Plus Materials                                    ,,-85.6100,-85.6200,0.0000,,,0,0,
16482,7/30/2026 12:00:00 AM,Plus Monroe Warehouse                        ,COMPLETED,SHREDDER (1ST SHIFT),936.000,Posted,7/31/2026 12:00:00 AM,5:48AM,,18:12:00,LBS    ,936.000,0.000,Plus Materials                                    ,,0.0000,0.0000,0.0000,,,0,0,
16483,7/30/2026 12:00:00 AM,Monroe Processing Warehouse                  ,COMPLETED,SHREDDER/GRINDER (1ST SHIFT),6111.000,Posted,7/31/2026 12:00:00 AM,5:48AM,,18:12:00,LBS    ,6111.000,0.000,Plus Materials                                    ,,635.9795,635.9700,0.0000,,,0,0,
16485,7/30/2026 12:00:00 AM,Plus Monroe Warehouse                        ,COMPLETED,AUTO-TIE BALER (2ND SHIFT),4619.000,Posted,7/31/2026 12:00:00 AM,5:49AM,,18:11:00,LBS    ,4619.000,0.000,Plus Materials                                    ,,0.0000,0.0000,0.0000,,,0,0,
16489,7/30/2026 12:00:00 AM,Plus Monroe Warehouse                        ,COMPLETED,EXTRUDER (2ND SHIFT),1400.000,Posted,7/31/2026 12:00:00 AM,5:49AM,,18:11:00,LBS    ,1400.000,0.000,Plus Materials                                    ,,0.0000,0.0000,0.0000,,,0,0,
16491,7/30/2026 12:00:00 AM,Plus Monroe Warehouse                        ,COMPLETED,GUILLOTINE (2ND SHIFT),3022.000,Posted,7/31/2026 12:00:00 AM,5:50AM,,18:10:00,LBS    ,3022.000,0.000,Plus Materials                                    ,,-211.5400,-211.5400,0.0000,,,8,0,
16493,7/30/2026 12:00:00 AM,Monroe Processing Warehouse                  ,COMPLETED,SHREDDER/GRINDER (2ND SHIFT),5075.000,Posted,7/31/2026 12:00:00 AM,5:50AM,,18:10:00,LBS    ,5075.000,0.000,Plus Materials                                    ,,528.1615,528.1600,0.0000,,,0,0,
16495,7/30/2026 12:00:00 AM,Plus Monroe Warehouse                        ,COMPLETED,AUTO-TIE BALER (3RD SHIFT),4830.000,Posted,7/31/2026 12:00:00 AM,5:50AM,,18:10:00,LBS    ,4830.000,0.000,Plus Materials                                    ,,0.0000,0.0000,0.0000,,,13,4,
16499,7/30/2026 12:00:00 AM,Plus Monroe Warehouse                        ,COMPLETED,EXTRUDER (3RD SHIFT),1738.000,Posted,7/31/2026 12:00:00 AM,5:51AM,,18:09:00,LBS    ,1738.000,0.000,Plus Materials                                    ,,0.0000,0.0000,0.0000,,,0,0,
16501,7/30/2026 12:00:00 AM,Plus Monroe Warehouse                        ,COMPLETED,GUILLOTINE (3RD SHIFT),5489.000,Posted,7/31/2026 12:00:00 AM,5:51AM,,18:09:00,LBS    ,5489.000,0.000,Plus Materials                                    ,,0.0000,0.0000,0.0000,,,0,0,
16505,7/30/2026 12:00:00 AM,PRN Southeast                                ,COMPLETED,BALER,6312.000,Posted,7/31/2026 12:00:00 AM,5:52AM,,18:08:00,LBS    ,2013.000,-4299.000,Plus Materials                                    ,,114.0200,214.6600,100.6500,,,8,4,
16506,7/31/2026 12:00:00 AM,Plus Monroe Warehouse                        ,COMPLETED,AUTO-TIE BALER (1ST SHIFT),5382.000,Posted,8/3/2026 12:00:00 AM,5:48AM,,18:12:00,LBS    ,1334.000,-4048.000,Plus Materials                                    ,,0.0000,0.0000,0.0000,,,3,5,
16510,7/31/2026 12:00:00 AM,Plus Monroe Warehouse                        ,COMPLETED,EXTRUDER (1ST SHIFT),16575.000,Posted,8/3/2026 12:00:00 AM,5:48AM,,18:12:00,LBS    ,16575.000,0.000,Plus Materials                                    ,,0.0000,0.0000,0.0000,,,42,0,
16512,7/31/2026 12:00:00 AM,Plus Monroe Warehouse                        ,COMPLETED,GUILLOTINE (1ST SHIFT),7040.000,Posted,8/3/2026 12:00:00 AM,5:49AM,,18:11:00,LBS    ,7040.000,0.000,Plus Materials                                    ,,0.0000,0.0000,0.0000,,,0,0,
16514,7/31/2026 12:00:00 AM,Monroe Processing Warehouse                  ,COMPLETED,SHREDDER/GRINDER (1ST SHIFT),1113.000,Posted,8/3/2026 12:00:00 AM,5:49AM,,18:11:00,LBS    ,1113.000,0.000,Plus Materials                                    ,,117.2020,117.2000,0.0000,,,0,0,
16516,7/31/2026 12:00:00 AM,Plus Monroe Warehouse                        ,COMPLETED,AUTO-TIE BALER (2ND SHIFT),6531.000,Posted,8/3/2026 12:00:00 AM,5:49AM,,18:11:00,LBS    ,6531.000,0.000,Plus Materials                                    ,,-244.6613,-244.6600,0.0000,,,54,0,
16520,7/31/2026 12:00:00 AM,Plus Monroe Warehouse                        ,COMPLETED,EXTRUDER (2ND SHIFT),5610.000,Posted,8/3/2026 12:00:00 AM,5:50AM,,18:10:00,LBS    ,5610.000,0.000,Plus Materials                                    ,,0.0000,0.0000,0.0000,,,52,0,
16522,7/31/2026 12:00:00 AM,Plus Monroe Warehouse                        ,COMPLETED,GUILLOTINE (2ND SHIFT),7537.000,Posted,8/3/2026 12:00:00 AM,5:50AM,,18:10:00,LBS    ,7537.000,0.000,Plus Materials                                    ,,0.0000,0.0000,0.0000,,,0,0,
16524,7/31/2026 12:00:00 AM,Monroe Processing Warehouse                  ,COMPLETED,SHREDDER/GRINDER (2ND SHIFT),7838.000,Posted,8/3/2026 12:00:00 AM,5:50AM,,18:10:00,LBS    ,7838.000,0.000,Plus Materials                                    ,,815.7116,815.7100,0.0000,,,0,0,
16526,7/31/2026 12:00:00 AM,Plus Monroe Warehouse                        ,COMPLETED,AUTO-TIE BALER (3RD SHIFT),6400.000,Posted,8/3/2026 12:00:00 AM,5:51AM,,18:09:00,LBS    ,6400.000,0.000,Plus Materials                                    ,,90.4439,90.4500,0.0000,,,0,5,
16530,7/31/2026 12:00:00 AM,Plus Monroe Warehouse                        ,COMPLETED,EXTRUDER (3RD SHIFT),6656.000,Posted,8/3/2026 12:00:00 AM,5:51AM,,18:09:00,LBS    ,6656.000,0.000,Plus Materials                                    ,,0.0000,0.0000,0.0000,,,0,0,
16532,7/31/2026 12:00:00 AM,Plus Monroe Warehouse                        ,COMPLETED,GUILLOTINE (3RD SHIFT),4684.000,Posted,8/3/2026 12:00:00 AM,5:52AM,,18:08:00,LBS    ,4684.000,0.000,Plus Materials                                    ,,0.0000,0.0000,0.0000,,,0,0,
16536,7/31/2026 12:00:00 AM,PRN Southeast                                ,COMPLETED,BALER,6032.000,Posted,8/3/2026 12:00:00 AM,5:52AM,,18:08:00,LBS    ,3785.000,-2247.000,Plus Materials                                    ,,210.6300,399.8800,189.2500,,,11,3,
16537,8/3/2026 12:00:00 AM,Plus Monroe Warehouse                        ,COMPLETED,AUTO-TIE BALER (1ST SHIFT),4507.000,Posted,8/4/2026 12:00:00 AM,4:53AM,,19:07:00,LBS    ,2009.000,-2498.000,Plus Materials                                    ,,0.0000,0.0000,0.0000,,,4,5,
16541,8/3/2026 12:00:00 AM,Plus Monroe Warehouse                        ,COMPLETED,EXTRUDER (1ST SHIFT),7612.000,Posted,8/4/2026 12:00:00 AM,4:54AM,,19:06:00,LBS    ,7612.000,0.000,Plus Materials                                    ,,0.0000,0.0000,0.0000,,,46,0,
16543,8/3/2026 12:00:00 AM,Plus Monroe Warehouse                        ,COMPLETED,GUILLOTINE (1ST SHIFT),6342.000,Posted,8/4/2026 12:00:00 AM,4:54AM,,19:06:00,LBS    ,6342.000,0.000,Plus Materials                                    ,,-164.1500,-164.1500,0.0000,,,0,0,
16544,8/3/2026 12:00:00 AM,Plus Monroe Warehouse                        ,COMPLETED,SHREDDER (1ST SHIFT),1465.000,Posted,8/4/2026 12:00:00 AM,4:54AM,,19:06:00,LBS    ,1465.000,0.000,Plus Materials                                    ,,14.6500,14.6500,0.0000,,,14,0,
16545,8/3/2026 12:00:00 AM,Monroe Processing Warehouse                  ,COMPLETED,SHREDDER/GRINDER (1ST SHIFT),5346.000,Posted,8/4/2026 12:00:00 AM,4:55AM,,19:05:00,LBS    ,5346.000,0.000,Plus Materials                                    ,,558.2087,558.2100,0.0000,,,42,0,
16547,8/3/2026 12:00:00 AM,Plus Monroe Warehouse                        ,COMPLETED,AUTO-TIE BALER (2ND SHIFT),9518.000,Posted,8/4/2026 12:00:00 AM,4:55AM,,19:05:00,LBS    ,5661.000,-3857.000,Plus Materials                                    ,,0.0000,0.0000,0.0000,,,9,0,
16551,8/3/2026 12:00:00 AM,Plus Monroe Warehouse                        ,COMPLETED,EXTRUDER (2ND SHIFT),4708.000,Posted,8/4/2026 12:00:00 AM,4:56AM,,19:04:00,LBS    ,4708.000,0.000,Plus Materials                                    ,,0.0000,0.0000,0.0000,,,0,0,
16553,8/3/2026 12:00:00 AM,Plus Monroe Warehouse                        ,COMPLETED,GUILLOTINE (2ND SHIFT),2861.000,Posted,8/4/2026 12:00:00 AM,4:56AM,,19:04:00,LBS    ,2861.000,0.000,Plus Materials                                    ,,-200.2700,-200.2700,0.0000,,,8,0,
16555,8/3/2026 12:00:00 AM,Monroe Processing Warehouse                  ,COMPLETED,SHREDDER/GRINDER (2ND SHIFT),6183.000,Posted,8/4/2026 12:00:00 AM,4:56AM,,19:04:00,LBS    ,6183.000,0.000,Plus Materials                                    ,,645.6048,645.6000,0.0000,,,0,0,
16557,8/3/2026 12:00:00 AM,Plus Monroe Warehouse                        ,COMPLETED,AUTO-TIE BALER (3RD SHIFT),9518.000,Posted,8/4/2026 12:00:00 AM,4:57AM,,19:03:00,LBS    ,8355.000,-1163.000,Plus Materials                                    ,,0.0000,0.0000,0.0000,,,0,8,
16561,8/3/2026 12:00:00 AM,Plus Monroe Warehouse                        ,COMPLETED,EXTRUDER (3RD SHIFT),4894.000,Posted,8/4/2026 12:00:00 AM,4:57AM,,19:03:00,LBS    ,4894.000,0.000,Plus Materials                                    ,,0.0000,0.0000,0.0000,,,0,0,
16568,8/3/2026 12:00:00 AM,Plus Ryder Midwest                           ,COMPLETED,BOGUS,39848.000,Posted,8/3/2026 12:00:00 AM,12:52PM,,11:08:00,LBS    ,39848.000,0.000,Plus Materials                                    ,,597.7200,597.7200,0.0000,,,84,1,
16569,8/3/2026 12:00:00 AM,Plus Ryder Midwest                           ,COMPLETED,BOGUS,5420.000,Posted,8/3/2026 12:00:00 AM,12:54PM,,11:06:00,LBS    ,5420.000,0.000,Plus Materials                                    ,,81.3021,81.3000,0.0000,,,0,1,
16574,8/4/2026 12:00:00 AM,Plus Monroe Warehouse                        ,COMPLETED,EXTRUDER (1ST SHIFT),6800.000,Posted,8/5/2026 12:00:00 AM,5:52AM,,18:08:00,LBS    ,6800.000,0.000,Plus Materials                                    ,,0.0000,0.0000,0.0000,,,0,0,
16576,8/4/2026 12:00:00 AM,Plus Monroe Warehouse                        ,COMPLETED,GUILLOTINE (1ST SHIFT),3028.000,Posted,8/5/2026 12:00:00 AM,5:52AM,,18:08:00,LBS    ,3028.000,0.000,Plus Materials                                    ,,-60.2000,-60.2100,0.0000,,,0,0,
16577,8/4/2026 12:00:00 AM,Plus Monroe Warehouse                        ,COMPLETED,SHREDDER (1ST SHIFT),1387.000,Posted,8/5/2026 12:00:00 AM,5:52AM,,18:08:00,LBS    ,1120.000,-267.000,Plus Materials                                    ,,35.9000,35.9000,0.0000,,,14,0,
16578,8/4/2026 12:00:00 AM,Monroe Processing Warehouse                  ,COMPLETED,SHREDDER/GRINDER (1ST SHIFT),3887.000,Posted,8/5/2026 12:00:00 AM,5:52AM,,18:08:00,LBS    ,3887.000,0.000,Plus Materials                                    ,,405.8660,405.8600,0.0000,,,0,0,
16580,8/4/2026 12:00:00 AM,Plus Monroe Warehouse                        ,COMPLETED,AUTO-TIE BALER (2ND SHIFT),9814.000,Posted,8/5/2026 12:00:00 AM,5:53AM,,18:07:00,LBS    ,2846.000,-6968.000,Plus Materials                                    ,,12.2500,12.2600,0.0000,,,7,0,
16584,8/4/2026 12:00:00 AM,Plus Monroe Warehouse                        ,COMPLETED,EXTRUDER (2ND SHIFT),1604.000,Posted,8/5/2026 12:00:00 AM,5:53AM,,18:07:00,LBS    ,1604.000,0.000,Plus Materials                                    ,,0.0000,0.0000,0.0000,,,0,0,
16586,8/4/2026 12:00:00 AM,Plus Monroe Warehouse                        ,COMPLETED,GUILLOTINE (2ND SHIFT),8320.000,Posted,8/5/2026 12:00:00 AM,5:54AM,,18:06:00,LBS    ,8320.000,0.000,Plus Materials                                    ,,149.9854,150.0000,0.0000,,,2,0,
16588,8/4/2026 12:00:00 AM,Monroe Processing Warehouse                  ,COMPLETED,SHREDDER/GRINDER (2ND SHIFT),4745.000,Posted,8/5/2026 12:00:00 AM,5:54AM,,18:06:00,LBS    ,4745.000,0.000,Plus Materials                                    ,,495.4545,495.4500,0.0000,,,0,0,
16590,8/4/2026 12:00:00 AM,Plus Monroe Warehouse                        ,COMPLETED,AUTO-TIE BALER (3RD SHIFT),4700.000,Posted,8/5/2026 12:00:00 AM,5:54AM,,18:06:00,LBS    ,2124.000,-2576.000,Plus Materials                                    ,,-9.4900,-9.4800,0.0000,,,8,4,
16594,8/4/2026 12:00:00 AM,Plus Monroe Warehouse                        ,COMPLETED,EXTRUDER (3RD SHIFT),6838.000,Posted,8/5/2026 12:00:00 AM,5:55AM,,18:05:00,LBS    ,6838.000,0.000,Plus Materials                                    ,,0.0000,0.0000,0.0000,,,0,0,
16600,8/4/2026 12:00:00 AM,PRN Southeast                                ,COMPLETED,BALER,7000.000,Posted,8/5/2026 12:00:00 AM,5:56AM,,18:04:00,LBS    ,470.000,-6530.000,Plus Materials                                    ,,-18.8000,4.6900,23.5000,,,1,4,
16601,8/5/2026 12:00:00 AM,Plus Monroe Warehouse                        ,COMPLETED,AUTO-TIE BALER (1ST SHIFT),4124.000,Posted,8/6/2026 12:00:00 AM,5:45AM,,18:15:00,LBS    ,2903.000,-1221.000,Plus Materials                                    ,,125.8800,125.8800,0.0000,,,4,3,
16605,8/5/2026 12:00:00 AM,Plus Monroe Warehouse                        ,COMPLETED,EXTRUDER (1ST SHIFT),5500.000,Posted,8/6/2026 12:00:00 AM,5:46AM,,18:14:00,LBS    ,5500.000,0.000,Plus Materials                                    ,,0.0000,0.0000,0.0000,,,51,0,
16606,8/5/2026 12:00:00 AM,Plus Monroe Warehouse                        ,COMPLETED,GREEN MAX (NEW) (1ST SHIFT),1801.000,Posted,8/6/2026 12:00:00 AM,5:46AM,,18:14:00,LBS    ,1801.000,0.000,Plus Materials                                    ,,0.0000,0.0000,0.0000,,,26,0,
16607,8/5/2026 12:00:00 AM,Plus Monroe Warehouse                        ,COMPLETED,GUILLOTINE (1ST SHIFT),4824.000,Posted,8/6/2026 12:00:00 AM,5:46AM,,18:14:00,LBS    ,4824.000,0.000,Plus Materials                                    ,,0.0000,0.0000,0.0000,,,0,0,
16608,8/5/2026 12:00:00 AM,Plus Monroe Warehouse                        ,COMPLETED,SHREDDER (1ST SHIFT),6964.000,Posted,8/6/2026 12:00:00 AM,5:47AM,,18:13:00,LBS    ,4947.000,-2017.000,Plus Materials                                    ,,228.8900,228.8900,0.0000,,,0,0,
16609,8/5/2026 12:00:00 AM,Monroe Processing Warehouse                  ,COMPLETED,SHREDDER/GRINDER (1ST SHIFT),4932.000,Posted,8/6/2026 12:00:00 AM,5:47AM,,18:13:00,LBS    ,4932.000,0.000,Plus Materials                                    ,,514.9813,514.9700,0.0000,,,0,0,
16611,8/5/2026 12:00:00 AM,Plus Monroe Warehouse                        ,COMPLETED,AUTO-TIE BALER (2ND SHIFT),5946.000,Posted,8/6/2026 12:00:00 AM,5:47AM,,18:13:00,LBS    ,4097.000,-1849.000,Plus Materials                                    ,,267.9500,267.9600,0.0000,,,0,0,
16615,8/5/2026 12:00:00 AM,Plus Monroe Warehouse                        ,COMPLETED,EXTRUDER (2ND SHIFT),3028.000,Posted,8/6/2026 12:00:00 AM,5:48AM,,18:12:00,LBS    ,3028.000,0.000,Plus Materials                                    ,,0.0000,0.0000,0.0000,,,0,0,
16617,8/5/2026 12:00:00 AM,Plus Monroe Warehouse                        ,COMPLETED,GUILLOTINE (2ND SHIFT),1852.000,Posted,8/6/2026 12:00:00 AM,5:48AM,,18:12:00,LBS    ,1852.000,0.000,Plus Materials                                    ,,-129.6400,-129.6400,0.0000,,,3,0,
16619,8/5/2026 12:00:00 AM,Monroe Processing Warehouse                  ,COMPLETED,SHREDDER/GRINDER (2ND SHIFT),10787.000,Posted,8/6/2026 12:00:00 AM,5:48AM,,18:12:00,LBS    ,10787.000,0.000,Plus Materials                                    ,,1126.3333,1126.3400,0.0000,,,0,0,
16621,8/5/2026 12:00:00 AM,Plus Monroe Warehouse                        ,COMPLETED,AUTO-TIE BALER (3RD SHIFT),5765.000,Posted,8/6/2026 12:00:00 AM,5:49AM,,18:11:00,LBS    ,5765.000,0.000,Plus Materials                                    ,,0.0000,0.0000,0.0000,,,0,5,
16625,8/5/2026 12:00:00 AM,Plus Monroe Warehouse                        ,COMPLETED,EXTRUDER (3RD SHIFT),1526.000,Posted,8/6/2026 12:00:00 AM,5:49AM,,18:11:00,LBS    ,1526.000,0.000,Plus Materials                                    ,,0.0000,0.0000,0.0000,,,0,0,
16627,8/5/2026 12:00:00 AM,Plus Monroe Warehouse                        ,COMPLETED,GUILLOTINE (3RD SHIFT),6104.000,Posted,8/6/2026 12:00:00 AM,5:50AM,,18:10:00,LBS    ,6104.000,0.000,Plus Materials                                    ,,0.0000,0.0000,0.0000,,,0,0,
16631,8/5/2026 12:00:00 AM,PRN Southeast                                ,COMPLETED,BALER,3164.000,Posted,8/6/2026 12:00:00 AM,5:50AM,,18:10:00,LBS    ,4620.000,1456.000,Plus Materials                                    ,,193.0500,424.0500,231.0000,,,10,2,
16632,8/6/2026 12:00:00 AM,Plus Ryder Midwest                           ,COMPLETED,BOGUS,4800.000,Posted,8/6/2026 12:00:00 AM,5:30AM,,18:30:00,LBS    ,4800.000,0.000,Plus Materials                                    ,,0.0000,0.0000,0.0000,,,0,1,
16633,8/6/2026 12:00:00 AM,Plus Monroe Warehouse                        ,COMPLETED,AUTO-TIE BALER (1ST SHIFT),2623.000,Posted,8/7/2026 12:00:00 AM,5:46AM,,18:14:00,LBS    ,2075.000,-548.000,Plus Materials                                    ,,0.0000,0.0000,0.0000,,,7,2,
16638,8/6/2026 12:00:00 AM,Plus Monroe Warehouse                        ,COMPLETED,GREEN MAX (NEW) (1ST SHIFT),1389.000,Posted,8/7/2026 12:00:00 AM,5:47AM,,18:13:00,LBS    ,1389.000,0.000,Plus Materials                                    ,,0.0000,0.0000,0.0000,,,0,0,
16639,8/6/2026 12:00:00 AM,Plus Monroe Warehouse                        ,COMPLETED,GUILLOTINE (1ST SHIFT),4322.000,Posted,8/7/2026 12:00:00 AM,5:47AM,,18:13:00,LBS    ,4322.000,0.000,Plus Materials                                    ,,0.0000,0.0000,0.0000,,,0,0,
16640,8/6/2026 12:00:00 AM,Plus Monroe Warehouse                        ,COMPLETED,SHREDDER (1ST SHIFT),4071.000,Posted,8/7/2026 12:00:00 AM,5:47AM,,18:13:00,LBS    ,2175.000,-1896.000,Plus Materials                                    ,,-10.8000,-10.8000,0.0000,,,19,0,
16641,8/6/2026 12:00:00 AM,Monroe Processing Warehouse                  ,COMPLETED,SHREDDER/GRINDER (1ST SHIFT),4055.000,Posted,8/7/2026 12:00:00 AM,5:47AM,,18:13:00,LBS    ,4055.000,0.000,Plus Materials                                    ,,423.4084,423.4100,0.0000,,,0,0,
16643,8/6/2026 12:00:00 AM,Plus Monroe Warehouse                        ,COMPLETED,AUTO-TIE BALER (2ND SHIFT),4556.000,Posted,8/7/2026 12:00:00 AM,5:48AM,,18:12:00,LBS    ,4556.000,0.000,Plus Materials                                    ,,-125.8714,-125.8600,0.0000,,,0,0,
16647,8/6/2026 12:00:00 AM,Plus Monroe Warehouse                        ,COMPLETED,EXTRUDER (2ND SHIFT),3174.000,Posted,8/7/2026 12:00:00 AM,5:48AM,,18:12:00,LBS    ,3174.000,0.000,Plus Materials                                    ,,0.0000,0.0000,0.0000,,,0,0,
16649,8/6/2026 12:00:00 AM,Plus Monroe Warehouse                        ,COMPLETED,GUILLOTINE (2ND SHIFT),5185.000,Posted,8/7/2026 12:00:00 AM,5:49AM,,18:11:00,LBS    ,5185.000,0.000,Plus Materials                                    ,,0.0000,0.0000,0.0000,,,0,0,
16651,8/6/2026 12:00:00 AM,Monroe Processing Warehouse                  ,COMPLETED,SHREDDER/GRINDER (2ND SHIFT),2348.000,Posted,8/7/2026 12:00:00 AM,5:49AM,,18:11:00,LBS    ,2348.000,0.000,Plus Materials                                    ,,244.5935,244.6000,0.0000,,,41,0,
16653,8/6/2026 12:00:00 AM,Plus Monroe Warehouse                        ,COMPLETED,AUTO-TIE BALER (3RD SHIFT),5473.000,Posted,8/7/2026 12:00:00 AM,5:49AM,,18:11:00,LBS    ,5473.000,0.000,Plus Materials                                    ,,-547.3000,-547.3000,0.0000,,,0,3,
16657,8/6/2026 12:00:00 AM,Plus Monroe Warehouse                        ,COMPLETED,EXTRUDER (3RD SHIFT),4890.000,Posted,8/7/2026 12:00:00 AM,5:50AM,,18:10:00,LBS    ,4890.000,0.000,Plus Materials                                    ,,0.0000,0.0000,0.0000,,,49,0,
16659,8/6/2026 12:00:00 AM,Plus Monroe Warehouse                        ,COMPLETED,GUILLOTINE (3RD SHIFT),6245.000,Posted,8/7/2026 12:00:00 AM,5:50AM,,18:10:00,LBS    ,6245.000,0.000,Plus Materials                                    ,,0.0000,0.0000,0.0000,,,0,0,
16664,8/7/2026 12:00:00 AM,Plus Monroe Warehouse                        ,COMPLETED,AUTO-TIE BALER (1ST SHIFT),2391.000,Posted,8/10/2026 12:00:00 AM,5:50AM,,18:10:00,LBS    ,1225.000,-1166.000,Plus Materials                                    ,,10.0000,10.0000,0.0000,,,4,2,
16668,8/7/2026 12:00:00 AM,Plus Monroe Warehouse                        ,COMPLETED,EXTRUDER (1ST SHIFT),13287.000,Posted,8/10/2026 12:00:00 AM,5:51AM,,18:09:00,LBS    ,13287.000,0.000,Plus Materials                                    ,,0.0000,0.0000,0.0000,,,0,0,
16669,8/7/2026 12:00:00 AM,Plus Monroe Warehouse                        ,COMPLETED,GREEN MAX (NEW) (1ST SHIFT),1527.000,Posted,8/10/2026 12:00:00 AM,5:51AM,,18:09:00,LBS    ,1527.000,0.000,Plus Materials                                    ,,0.0000,0.0000,0.0000,,,0,0,
16670,8/7/2026 12:00:00 AM,Plus Monroe Warehouse                        ,COMPLETED,GUILLOTINE (1ST SHIFT),4604.000,Posted,8/10/2026 12:00:00 AM,5:51AM,,18:09:00,LBS    ,4604.000,0.000,Plus Materials                                    ,,0.0000,0.0000,0.0000,,,0,0,
16671,8/7/2026 12:00:00 AM,Plus Monroe Warehouse                        ,COMPLETED,SHREDDER (1ST SHIFT),1297.000,Posted,8/10/2026 12:00:00 AM,5:51AM,,18:09:00,LBS    ,1297.000,0.000,Plus Materials                                    ,,0.0000,0.0000,0.0000,,,13,0,
16672,8/7/2026 12:00:00 AM,Monroe Processing Warehouse                  ,COMPLETED,SHREDDER/GRINDER (1ST SHIFT),6073.000,Posted,8/10/2026 12:00:00 AM,5:51AM,,18:09:00,LBS    ,6073.000,0.000,Plus Materials                                    ,,632.6310,632.6300,0.0000,,,0,0,
16674,8/7/2026 12:00:00 AM,Plus Monroe Warehouse                        ,COMPLETED,AUTO-TIE BALER (2ND SHIFT),4592.000,Posted,8/10/2026 12:00:00 AM,5:51AM,,18:09:00,LBS    ,2751.000,-1841.000,Plus Materials                                    ,,282.4900,282.4900,0.0000,,,1,0,
16678,8/7/2026 12:00:00 AM,Plus Monroe Warehouse                        ,COMPLETED,EXTRUDER (2ND SHIFT),4900.000,Posted,8/10/2026 12:00:00 AM,5:52AM,,18:08:00,LBS    ,4900.000,0.000,Plus Materials                                    ,,49.0000,49.0000,0.0000,,,25,0,
16680,8/7/2026 12:00:00 AM,Plus Monroe Warehouse                        ,COMPLETED,GUILLOTINE (2ND SHIFT),4935.000,Posted,8/10/2026 12:00:00 AM,5:52AM,,18:08:00,LBS    ,4935.000,0.000,Plus Materials                                    ,,324.7063,324.7000,0.0000,,,0,0,
16682,8/7/2026 12:00:00 AM,Monroe Processing Warehouse                  ,COMPLETED,SHREDDER/GRINDER (2ND SHIFT),5928.000,Posted,8/10/2026 12:00:00 AM,5:53AM,,18:07:00,LBS    ,5928.000,0.000,Plus Materials                                    ,,617.5257,617.5300,0.0000,,,0,0,
16688,8/7/2026 12:00:00 AM,Plus Monroe Warehouse                        ,COMPLETED,EXTRUDER (3RD SHIFT),5020.000,Posted,8/10/2026 12:00:00 AM,5:54AM,,18:06:00,LBS    ,5020.000,0.000,Plus Materials                                    ,,50.2000,50.2000,0.0000,,,51,0,
16694,8/7/2026 12:00:00 AM,PRN Southeast                                ,COMPLETED,BALER,5364.000,Posted,8/10/2026 12:00:00 AM,5:55AM,,18:05:00,LBS    ,1665.000,-3699.000,Plus Materials                                    ,,56.8400,140.0900,83.2500,,,4,3,
16695,8/7/2026 12:00:00 AM,Plus Ryder Midwest                           ,COMPLETED,BOGUS,10500.000,Posted,8/7/2026 12:00:00 AM,11:53AM,,12:07:00,LBS    ,10500.000,0.000,Plus Materials                                    ,,787.5022,787.5000,0.0000,,,25,1,
16697,8/10/2026 12:00:00 AM,Plus Monroe Warehouse                        ,COMPLETED,AUTO-TIE BALER (1ST SHIFT),5756.000,Posted,8/11/2026 12:00:00 AM,5:18AM,,18:42:00,LBS    ,3113.000,-2643.000,Plus Materials                                    ,,-6.5400,-6.5400,0.0000,,,12,5,
16701,8/10/2026 12:00:00 AM,Plus Monroe Warehouse                        ,COMPLETED,EXTRUDER (1ST SHIFT),6710.000,Posted,8/11/2026 12:00:00 AM,5:19AM,,18:41:00,LBS    ,6710.000,0.000,Plus Materials                                    ,,738.1000,738.1000,0.0000,,,0,0,
16703,8/10/2026 12:00:00 AM,Plus Monroe Warehouse                        ,COMPLETED,GUILLOTINE (1ST SHIFT),7882.000,Posted,8/11/2026 12:00:00 AM,5:19AM,,18:41:00,LBS    ,7882.000,0.000,Plus Materials                                    ,,710.2700,710.2600,0.0000,,,4,0,
16704,8/10/2026 12:00:00 AM,Plus Monroe Warehouse                        ,COMPLETED,SHREDDER (1ST SHIFT),1763.000,Posted,8/11/2026 12:00:00 AM,5:20AM,,18:40:00,LBS    ,1763.000,0.000,Plus Materials                                    ,,0.0000,0.0000,0.0000,,,0,0,
16705,8/10/2026 12:00:00 AM,Monroe Processing Warehouse                  ,COMPLETED,SHREDDER/GRINDER (1ST SHIFT),3713.000,Posted,8/11/2026 12:00:00 AM,5:20AM,,18:40:00,LBS    ,3713.000,0.000,Plus Materials                                    ,,386.7863,386.7900,0.0000,,,0,0,
16707,8/10/2026 12:00:00 AM,Plus Monroe Warehouse                        ,COMPLETED,AUTO-TIE BALER (2ND SHIFT),11358.000,Posted,8/11/2026 12:00:00 AM,5:20AM,,18:40:00,LBS    ,11358.000,0.000,Plus Materials                                    ,,0.0000,0.0000,0.0000,,,34,0,
16711,8/10/2026 12:00:00 AM,Plus Monroe Warehouse                        ,COMPLETED,EXTRUDER (2ND SHIFT),4288.000,Posted,8/11/2026 12:00:00 AM,5:21AM,,18:39:00,LBS    ,4288.000,0.000,Plus Materials                                    ,,514.5600,514.5600,0.0000,,,195,0,
16713,8/10/2026 12:00:00 AM,Plus Monroe Warehouse                        ,COMPLETED,GUILLOTINE (2ND SHIFT),9267.000,Posted,8/11/2026 12:00:00 AM,5:21AM,,18:39:00,LBS    ,9267.000,0.000,Plus Materials                                    ,,0.0000,0.0000,0.0000,,,0,0,
16715,8/10/2026 12:00:00 AM,Monroe Processing Warehouse                  ,COMPLETED,SHREDDER/GRINDER (2ND SHIFT),7994.000,Posted,8/11/2026 12:00:00 AM,5:21AM,,18:39:00,LBS    ,7994.000,0.000,Plus Materials                                    ,,832.7439,832.7400,0.0000,,,0,0,
16717,8/10/2026 12:00:00 AM,Plus Monroe Warehouse                        ,COMPLETED,AUTO-TIE BALER (3RD SHIFT),8547.000,Posted,8/11/2026 12:00:00 AM,5:22AM,,18:38:00,LBS    ,8547.000,0.000,Plus Materials                                    ,,0.0000,0.0000,0.0000,,,35,7,
16721,8/10/2026 12:00:00 AM,Plus Monroe Warehouse                        ,COMPLETED,EXTRUDER (3RD SHIFT),4392.000,Posted,8/11/2026 12:00:00 AM,5:22AM,,18:38:00,LBS    ,4392.000,0.000,Plus Materials                                    ,,527.0400,527.0400,0.0000,,,11,0,
16723,8/10/2026 12:00:00 AM,Plus Monroe Warehouse                        ,COMPLETED,GUILLOTINE (3RD SHIFT),6263.000,Posted,8/11/2026 12:00:00 AM,5:23AM,,18:37:00,LBS    ,6263.000,0.000,Plus Materials                                    ,,0.0000,0.0000,0.0000,,,0,0,
16727,8/10/2026 12:00:00 AM,PRN Southeast                                ,COMPLETED,BALER,1665.000,Posted,8/11/2026 12:00:00 AM,5:23AM,,18:37:00,LBS    ,1205.000,-460.000,Plus Materials                                    ,,44.2400,104.4900,60.2500,,,7,1,
16728,8/11/2026 12:00:00 AM,Plus Monroe Warehouse                        ,COMPLETED,AUTO-TIE BALER (1ST SHIFT),8468.000,Posted,8/12/2026 12:00:00 AM,5:52AM,,18:08:00,LBS    ,7645.000,-823.000,Plus Materials                                    ,,743.2865,743.2900,0.0000,,,18,6,
16732,8/11/2026 12:00:00 AM,Plus Monroe Warehouse                        ,COMPLETED,EXTRUDER (1ST SHIFT),3316.000,Posted,8/12/2026 12:00:00 AM,5:52AM,,18:08:00,LBS    ,3316.000,0.000,Plus Materials                                    ,,397.9200,397.9200,0.0000,,,0,0,
16734,8/11/2026 12:00:00 AM,Plus Monroe Warehouse                        ,COMPLETED,GUILLOTINE (1ST SHIFT),754.000,Posted,8/12/2026 12:00:00 AM,5:53AM,,18:07:00,LBS    ,754.000,0.000,Plus Materials                                    ,,0.0000,0.0000,0.0000,,,0,0,
16735,8/11/2026 12:00:00 AM,Plus Monroe Warehouse                        ,COMPLETED,SHREDDER (1ST SHIFT),1930.000,Posted,8/12/2026 12:00:00 AM,5:53AM,,18:07:00,LBS    ,1464.000,-466.000,Plus Materials                                    ,,131.7600,131.7500,0.0000,,,0,0,
16736,8/11/2026 12:00:00 AM,Monroe Processing Warehouse                  ,COMPLETED,SHREDDER/GRINDER (1ST SHIFT),5688.000,Posted,8/12/2026 12:00:00 AM,5:53AM,,18:07:00,LBS    ,5688.000,0.000,Plus Materials                                    ,,592.5227,592.5300,0.0000,,,0,0,
16738,8/11/2026 12:00:00 AM,Plus Monroe Warehouse                        ,COMPLETED,AUTO-TIE BALER (2ND SHIFT),8601.000,Posted,8/12/2026 12:00:00 AM,5:53AM,,18:07:00,LBS    ,6590.000,-2011.000,Plus Materials                                    ,,181.2300,181.2300,0.0000,,,26,0,
16742,8/11/2026 12:00:00 AM,Plus Monroe Warehouse                        ,COMPLETED,EXTRUDER (2ND SHIFT),3887.000,Posted,8/12/2026 12:00:00 AM,5:54AM,,18:06:00,LBS    ,3887.000,0.000,Plus Materials                                    ,,466.4400,466.4400,0.0000,,,0,0,
16744,8/11/2026 12:00:00 AM,Plus Monroe Warehouse                        ,COMPLETED,GUILLOTINE (2ND SHIFT),8099.000,Posted,8/12/2026 12:00:00 AM,5:54AM,,18:06:00,LBS    ,8099.000,0.000,Plus Materials                                    ,,351.9600,351.9900,0.0000,,,34,0,
16746,8/11/2026 12:00:00 AM,Monroe Processing Warehouse                  ,COMPLETED,SHREDDER/GRINDER (2ND SHIFT),6703.000,Posted,8/12/2026 12:00:00 AM,5:54AM,,18:06:00,LBS    ,6703.000,0.000,Plus Materials                                    ,,0.0000,0.0000,0.0000,,,0,0,
16748,8/11/2026 12:00:00 AM,Plus Monroe Warehouse                        ,COMPLETED,AUTO-TIE BALER (3RD SHIFT),1599.000,Posted,8/12/2026 12:00:00 AM,5:55AM,,18:05:00,LBS    ,1215.000,-384.000,Plus Materials                                    ,,72.9000,72.9000,0.0000,,,0,1,
16752,8/11/2026 12:00:00 AM,Plus Monroe Warehouse                        ,COMPLETED,EXTRUDER (3RD SHIFT),5318.000,Posted,8/12/2026 12:00:00 AM,5:55AM,,18:05:00,LBS    ,5318.000,0.000,Plus Materials                                    ,,638.1600,638.1600,0.0000,,,0,0,
16754,8/11/2026 12:00:00 AM,Plus Monroe Warehouse                        ,COMPLETED,GUILLOTINE (3RD SHIFT),5216.000,Posted,8/12/2026 12:00:00 AM,5:56AM,,18:04:00,LBS    ,5216.000,0.000,Plus Materials                                    ,,625.9200,625.9200,0.0000,,,195,0,
16758,8/11/2026 12:00:00 AM,PRN Southeast                                ,COMPLETED,BALER,9070.000,Posted,8/12/2026 12:00:00 AM,5:56AM,,18:04:00,LBS    ,7909.000,-1161.000,Plus Materials                                    ,,440.6700,836.1200,395.4500,,,21,4,
16759,8/12/2026 12:00:00 AM,Plus Monroe Warehouse                        ,COMPLETED,AUTO-TIE BALER (1ST SHIFT),2616.000,Posted,8/13/2026 12:00:00 AM,5:30AM,,18:30:00,LBS    ,2360.000,-256.000,Plus Materials                                    ,,141.6000,141.6000,0.0000,,,0,3,
16763,8/12/2026 12:00:00 AM,Plus Monroe Warehouse                        ,COMPLETED,EXTRUDER (1ST SHIFT),8242.000,Posted,8/13/2026 12:00:00 AM,5:30AM,,18:30:00,LBS    ,8242.000,0.000,Plus Materials                                    ,,989.0400,989.0400,0.0000,,,0,0,
16765,8/12/2026 12:00:00 AM,Plus Monroe Warehouse                        ,COMPLETED,GUILLOTINE (1ST SHIFT),6475.000,Posted,8/13/2026 12:00:00 AM,5:31AM,,18:29:00,LBS    ,6000.000,-475.000,Plus Materials                                    ,,720.0000,720.0000,0.0000,,,10,0,
16766,8/12/2026 12:00:00 AM,Plus Monroe Warehouse                        ,COMPLETED,SHREDDER (1ST SHIFT),1709.000,Posted,8/13/2026 12:00:00 AM,5:31AM,,18:29:00,LBS    ,1709.000,0.000,Plus Materials                                    ,,0.0000,0.0000,0.0000,,,50,0,
16767,8/12/2026 12:00:00 AM,Monroe Processing Warehouse                  ,COMPLETED,SHREDDER/GRINDER (1ST SHIFT),5163.000,Posted,8/13/2026 12:00:00 AM,5:31AM,,18:29:00,LBS    ,5163.000,0.000,Plus Materials                                    ,,0.0000,0.0000,0.0000,,,0,0,
16769,8/12/2026 12:00:00 AM,Plus Monroe Warehouse                        ,COMPLETED,AUTO-TIE BALER (2ND SHIFT),6334.000,Posted,8/13/2026 12:00:00 AM,5:31AM,,18:29:00,LBS    ,4040.000,-2294.000,Plus Materials                                    ,,263.5700,263.5700,0.0000,,,0,0,
16773,8/12/2026 12:00:00 AM,Plus Monroe Warehouse                        ,COMPLETED,EXTRUDER (2ND SHIFT),3492.000,Posted,8/13/2026 12:00:00 AM,5:32AM,,18:28:00,LBS    ,3492.000,0.000,Plus Materials                                    ,,419.0400,419.0400,0.0000,,,0,0,
16775,8/12/2026 12:00:00 AM,Plus Monroe Warehouse                        ,COMPLETED,GUILLOTINE (2ND SHIFT),9121.000,Posted,8/13/2026 12:00:00 AM,5:33AM,,18:27:00,LBS    ,9121.000,0.000,Plus Materials                                    ,,836.4800,836.4600,0.0000,,,47,0,
16777,8/12/2026 12:00:00 AM,Monroe Processing Warehouse                  ,COMPLETED,SHREDDER/GRINDER (2ND SHIFT),5112.000,Posted,8/13/2026 12:00:00 AM,5:33AM,,18:27:00,LBS    ,5112.000,0.000,Plus Materials                                    ,,408.9600,408.9600,0.0000,,,0,0,
16779,8/12/2026 12:00:00 AM,Plus Monroe Warehouse                        ,COMPLETED,AUTO-TIE BALER (3RD SHIFT),4366.000,Posted,8/13/2026 12:00:00 AM,5:34AM,,18:26:00,LBS    ,3519.000,-847.000,Plus Materials                                    ,,64.5300,64.5400,0.0000,,,1,3,
16783,8/12/2026 12:00:00 AM,Plus Monroe Warehouse                        ,COMPLETED,EXTRUDER (3RD SHIFT),5480.000,Posted,8/13/2026 12:00:00 AM,5:35AM,,18:25:00,LBS    ,5480.000,0.000,Plus Materials                                    ,,657.6000,657.6000,0.0000,,,0,0,
16785,8/12/2026 12:00:00 AM,Plus Monroe Warehouse                        ,COMPLETED,GUILLOTINE (3RD SHIFT),5870.000,Posted,8/13/2026 12:00:00 AM,5:35AM,,18:25:00,LBS    ,5870.000,0.000,Plus Materials                                    ,,704.4000,704.4000,0.0000,,,10,0,
16789,8/12/2026 12:00:00 AM,PRN Southeast                                ,COMPLETED,BALER,5900.000,Posted,8/13/2026 12:00:00 AM,5:36AM,,18:24:00,LBS    ,5572.000,-328.000,Plus Materials                                    ,,256.0000,534.6000,278.6000,,,9,2,
16790,8/13/2026 12:00:00 AM,Plus Ryder Midwest                           ,COMPLETED,BOGUS,12099.000,Posted,8/13/2026 12:00:00 AM,5:14AM,,18:46:00,LBS    ,12099.000,0.000,Plus Materials                                    ,,302.4750,302.4800,0.0000,,,11,1,
16791,8/13/2026 12:00:00 AM,Plus Monroe Warehouse                        ,COMPLETED,AUTO-TIE BALER (1ST SHIFT),3194.000,Posted,8/14/2026 12:00:00 AM,5:50AM,,18:10:00,LBS    ,1660.000,-1534.000,Plus Materials                                    ,,0.0000,0.0000,0.0000,,,9,3,
16795,8/13/2026 12:00:00 AM,Plus Monroe Warehouse                        ,COMPLETED,EXTRUDER (1ST SHIFT),8780.000,Posted,8/14/2026 12:00:00 AM,5:51AM,,18:09:00,LBS    ,8780.000,0.000,Plus Materials                                    ,,702.4000,702.4000,0.0000,,,0,0,
16797,8/13/2026 12:00:00 AM,Plus Monroe Warehouse                        ,COMPLETED,GUILLOTINE (1ST SHIFT),10949.000,Posted,8/14/2026 12:00:00 AM,5:51AM,,18:09:00,LBS    ,10949.000,0.000,Plus Materials                                    ,,875.9200,875.9200,0.0000,,,0,0,
16798,8/13/2026 12:00:00 AM,Plus Monroe Warehouse                        ,COMPLETED,SHREDDER (1ST SHIFT),4856.000,Posted,8/14/2026 12:00:00 AM,5:51AM,,18:09:00,LBS    ,4856.000,0.000,Plus Materials                                    ,,0.0000,0.0000,0.0000,,,36,0,
16799,8/13/2026 12:00:00 AM,Monroe Processing Warehouse                  ,COMPLETED,SHREDDER/GRINDER (1ST SHIFT),4930.000,Posted,8/14/2026 12:00:00 AM,5:51AM,,18:09:00,LBS    ,4930.000,0.000,Plus Materials                                    ,,394.4000,394.4000,0.0000,,,0,0,
16801,8/13/2026 12:00:00 AM,Plus Monroe Warehouse                        ,COMPLETED,AUTO-TIE BALER (2ND SHIFT),7337.000,Posted,8/14/2026 12:00:00 AM,5:52AM,,18:08:00,LBS    ,7337.000,0.000,Plus Materials                                    ,,1430.4257,1430.4100,0.0000,,,12,0,
16805,8/13/2026 12:00:00 AM,Plus Monroe Warehouse                        ,COMPLETED,EXTRUDER (2ND SHIFT),5020.000,Posted,8/14/2026 12:00:00 AM,5:52AM,,18:08:00,LBS    ,5020.000,0.000,Plus Materials                                    ,,100.4000,100.4000,0.0000,,,28,0,
16807,8/13/2026 12:00:00 AM,Plus Monroe Warehouse                        ,COMPLETED,GUILLOTINE (2ND SHIFT),3672.000,Posted,8/14/2026 12:00:00 AM,5:53AM,,18:07:00,LBS    ,3672.000,0.000,Plus Materials                                    ,,0.0000,0.0000,0.0000,,,0,0,
16809,8/13/2026 12:00:00 AM,Monroe Processing Warehouse                  ,COMPLETED,SHREDDER/GRINDER (2ND SHIFT),3609.000,Posted,8/14/2026 12:00:00 AM,5:53AM,,18:07:00,LBS    ,3609.000,0.000,Plus Materials                                    ,,337.7398,337.7300,0.0000,,,0,0,
16811,8/13/2026 12:00:00 AM,Plus Monroe Warehouse                        ,COMPLETED,AUTO-TIE BALER (3RD SHIFT),8547.000,Posted,8/14/2026 12:00:00 AM,5:53AM,,18:07:00,LBS    ,8574.000,27.000,Plus Materials                                    ,,2306.7390,2306.7400,0.0000,,,6,7,
16815,8/13/2026 12:00:00 AM,Plus Monroe Warehouse                        ,COMPLETED,EXTRUDER (3RD SHIFT),4005.000,Posted,8/14/2026 12:00:00 AM,5:54AM,,18:06:00,LBS    ,4005.000,0.000,Plus Materials                                    ,,320.4000,320.4000,0.0000,,,0,0,
16817,8/13/2026 12:00:00 AM,Plus Monroe Warehouse                        ,COMPLETED,GUILLOTINE (3RD SHIFT),5740.000,Posted,8/14/2026 12:00:00 AM,5:55AM,,18:05:00,LBS    ,5740.000,0.000,Plus Materials                                    ,,0.0000,0.0000,0.0000,,,46,0,
16821,8/13/2026 12:00:00 AM,PRN Southeast                                ,COMPLETED,BALER,8920.000,Posted,8/14/2026 12:00:00 AM,5:56AM,,18:04:00,LBS    ,7728.000,-1192.000,Plus Materials                                    ,,421.5500,807.9500,386.4000,,,24,5,
16827,8/14/2026 12:00:00 AM,Plus Monroe Warehouse                        ,COMPLETED,EXTRUDER (1ST SHIFT),11038.000,Posted,8/16/2026 12:00:00 AM,5:47AM,,18:13:00,LBS    ,11038.000,0.000,Plus Materials                                    ,,220.7600,220.7600,0.0000,,,12,0,
16829,8/14/2026 12:00:00 AM,Plus Monroe Warehouse                        ,COMPLETED,GUILLOTINE (1ST SHIFT),12128.000,Posted,8/16/2026 12:00:00 AM,5:47AM,,18:13:00,LBS    ,12128.000,0.000,Plus Materials                                    ,,0.0000,0.0000,0.0000,,,43,0,
16830,8/14/2026 12:00:00 AM,Plus Monroe Warehouse                        ,COMPLETED,SHREDDER (1ST SHIFT),6534.000,Posted,8/16/2026 12:00:00 AM,5:47AM,,18:13:00,LBS    ,6534.000,0.000,Plus Materials                                    ,,65.3400,65.3400,0.0000,,,36,0,
16831,8/14/2026 12:00:00 AM,Monroe Processing Warehouse                  ,COMPLETED,SHREDDER/GRINDER (1ST SHIFT),6060.000,Posted,8/16/2026 12:00:00 AM,5:47AM,,18:13:00,LBS    ,6060.000,0.000,Plus Materials                                    ,,121.2000,121.2000,0.0000,,,28,0,
16837,8/14/2026 12:00:00 AM,Plus Monroe Warehouse                        ,COMPLETED,EXTRUDER (2ND SHIFT),4710.000,Posted,8/16/2026 12:00:00 AM,5:48AM,,18:12:00,LBS    ,4710.000,0.000,Plus Materials                                    ,,94.2000,94.2000,0.0000,,,17,0,
16839,8/14/2026 12:00:00 AM,Plus Monroe Warehouse                        ,COMPLETED,GUILLOTINE (2ND SHIFT),7862.000,Posted,8/16/2026 12:00:00 AM,5:49AM,,18:11:00,LBS    ,7862.000,0.000,Plus Materials                                    ,,157.2400,157.2400,0.0000,,,16,0,
16841,8/14/2026 12:00:00 AM,Monroe Processing Warehouse                  ,COMPLETED,SHREDDER/GRINDER (2ND SHIFT),4750.000,Posted,8/16/2026 12:00:00 AM,5:49AM,,18:11:00,LBS    ,4750.000,0.000,Plus Materials                                    ,,95.0000,95.0000,0.0000,,,0,0,
16843,8/14/2026 12:00:00 AM,Plus Monroe Warehouse                        ,COMPLETED,AUTO-TIE BALER (3RD SHIFT),5603.000,Posted,8/16/2026 12:00:00 AM,5:49AM,,18:11:00,LBS    ,5603.000,0.000,Plus Materials                                    ,,0.0000,0.0000,0.0000,,,52,5,
16847,8/14/2026 12:00:00 AM,Plus Monroe Warehouse                        ,COMPLETED,EXTRUDER (3RD SHIFT),4484.000,Posted,8/16/2026 12:00:00 AM,5:50AM,,18:10:00,LBS    ,4484.000,0.000,Plus Materials                                    ,,89.6800,89.6800,0.0000,,,0,0,
16849,8/14/2026 12:00:00 AM,Plus Monroe Warehouse                        ,COMPLETED,GUILLOTINE (3RD SHIFT),4223.000,Posted,8/16/2026 12:00:00 AM,5:50AM,,18:10:00,LBS    ,4223.000,0.000,Plus Materials                                    ,,84.4600,84.4600,0.0000,,,0,0,
16853,8/14/2026 12:00:00 AM,PRN Southeast                                ,COMPLETED,BALER,7689.000,Posted,8/16/2026 12:00:00 AM,5:51AM,,18:09:00,LBS    ,4868.000,-2821.000,Plus Materials                                    ,,237.5800,480.9800,243.4000,,,11,4,
16858,8/17/2026 12:00:00 AM,Plus Monroe Warehouse                        ,COMPLETED,EXTRUDER (1ST SHIFT),7572.000,Posted,8/18/2026 12:00:00 AM,1:44PM,,10:16:00,LBS    ,7572.000,0.000,Plus Materials                                    ,,908.6400,908.6400,0.0000,,,200,0,
16860,8/17/2026 12:00:00 AM,Plus Monroe Warehouse                        ,COMPLETED,GUILLOTINE (1ST SHIFT),10419.000,Posted,8/18/2026 12:00:00 AM,1:44PM,,10:16:00,LBS    ,10419.000,0.000,Plus Materials                                    ,,1250.2800,1250.2800,0.0000,,,0,0,
16868,8/17/2026 12:00:00 AM,Plus Monroe Warehouse                        ,COMPLETED,EXTRUDER (2ND SHIFT),4348.000,Posted,8/18/2026 12:00:00 AM,1:46PM,,10:14:00,LBS    ,4348.000,0.000,Plus Materials                                    ,,521.7600,521.7600,0.0000,,,0,0,
16870,8/17/2026 12:00:00 AM,Plus Monroe Warehouse                        ,COMPLETED,GUILLOTINE (2ND SHIFT),10301.000,Posted,8/18/2026 12:00:00 AM,1:46PM,,10:14:00,LBS    ,10301.000,0.000,Plus Materials                                    ,,596.2200,596.2300,0.0000,,,12,0,
16872,8/17/2026 12:00:00 AM,Monroe Processing Warehouse                  ,COMPLETED,SHREDDER/GRINDER (2ND SHIFT),5704.000,Posted,8/18/2026 12:00:00 AM,1:47PM,,10:13:00,LBS    ,5704.000,0.000,Plus Materials                                    ,,0.0000,0.0000,0.0000,,,0,0,
16874,8/17/2026 12:00:00 AM,Plus Monroe Warehouse                        ,COMPLETED,AUTO-TIE BALER (3RD SHIFT),11764.000,Posted,8/18/2026 12:00:00 AM,1:47PM,,10:13:00,LBS    ,11764.000,0.000,Plus Materials                                    ,,0.0000,0.0000,0.0000,,,26,10,
16878,8/17/2026 12:00:00 AM,Plus Monroe Warehouse                        ,COMPLETED,EXTRUDER (3RD SHIFT),3282.000,Posted,8/18/2026 12:00:00 AM,1:48PM,,10:12:00,LBS    ,3282.000,0.000,Plus Materials                                    ,,393.8400,393.8400,0.0000,,,195,0,
16881,8/17/2026 12:00:00 AM,Plus Monroe Warehouse                        ,COMPLETED,GUILLOTINE (3RD SHIFT),4655.000,Posted,8/18/2026 12:00:00 AM,1:49PM,,10:11:00,LBS    ,4655.000,0.000,Plus Materials                                    ,,558.6000,558.6000,0.0000,,,12,0,
16885,8/17/2026 12:00:00 AM,PRN Southeast                                ,COMPLETED,BALER,2212.000,Posted,8/18/2026 12:00:00 AM,1:50PM,,10:10:00,LBS    ,1931.000,-281.000,Plus Materials                                    ,,91.6800,188.2300,96.5500,,,6,1,
16886,8/18/2026 12:00:00 AM,Plus Monroe Warehouse                        ,COMPLETED,AUTO-TIE BALER (1ST SHIFT),4663.000,Posted,8/19/2026 12:00:00 AM,5:43AM,,18:17:00,LBS    ,924.000,-3739.000,Plus Materials                                    ,,5.9200,5.9100,0.0000,,,10,4,
16890,8/18/2026 12:00:00 AM,Plus Monroe Warehouse                        ,COMPLETED,EXTRUDER (1ST SHIFT),5892.000,Posted,8/19/2026 12:00:00 AM,5:44AM,,18:16:00,LBS    ,5892.000,0.000,Plus Materials                                    ,,707.0400,707.0400,0.0000,,,0,0,
16891,8/18/2026 12:00:00 AM,Plus Monroe Warehouse                        ,COMPLETED,GREEN MAX (NEW) (1ST SHIFT),1491.000,Posted,8/19/2026 12:00:00 AM,5:44AM,,18:16:00,LBS    ,1491.000,0.000,Plus Materials                                    ,,0.0000,0.0000,0.0000,,,0,0,
16892,8/18/2026 12:00:00 AM,Plus Monroe Warehouse                        ,COMPLETED,GUILLOTINE (1ST SHIFT),6518.000,Posted,8/19/2026 12:00:00 AM,5:44AM,,18:16:00,LBS    ,6518.000,0.000,Plus Materials                                    ,,214.5400,214.5900,0.0000,,,0,0,
16894,8/18/2026 12:00:00 AM,Monroe Processing Warehouse                  ,COMPLETED,SHREDDER/GRINDER (1ST SHIFT),2281.000,Posted,8/19/2026 12:00:00 AM,5:45AM,,18:15:00,LBS    ,2281.000,0.000,Plus Materials                                    ,,0.0000,0.0000,0.0000,,,6,0,
16896,8/18/2026 12:00:00 AM,Plus Monroe Warehouse                        ,COMPLETED,AUTO-TIE BALER (2ND SHIFT),2300.000,Posted,8/19/2026 12:00:00 AM,5:45AM,,18:15:00,LBS    ,1305.000,-995.000,Plus Materials                                    ,,13.6400,13.6400,0.0000,,,0,0,
16900,8/18/2026 12:00:00 AM,Plus Monroe Warehouse                        ,COMPLETED,EXTRUDER (2ND SHIFT),6860.000,Posted,8/19/2026 12:00:00 AM,5:46AM,,18:14:00,LBS    ,6860.000,0.000,Plus Materials                                    ,,137.2000,137.2000,0.0000,,,0,0,
16902,8/18/2026 12:00:00 AM,Plus Monroe Warehouse                        ,COMPLETED,GUILLOTINE (2ND SHIFT),9049.000,Posted,8/19/2026 12:00:00 AM,5:46AM,,18:14:00,LBS    ,9049.000,0.000,Plus Materials                                    ,,180.9800,180.9800,0.0000,,,0,0,
16904,8/18/2026 12:00:00 AM,Monroe Processing Warehouse                  ,COMPLETED,SHREDDER/GRINDER (2ND SHIFT),1146.000,Posted,8/19/2026 12:00:00 AM,5:46AM,,18:14:00,LBS    ,1146.000,0.000,Plus Materials                                    ,,60.2020,60.2000,0.0000,,,6,0,
16906,8/18/2026 12:00:00 AM,Plus Monroe Warehouse                        ,COMPLETED,AUTO-TIE BALER (3RD SHIFT),6902.000,Posted,8/19/2026 12:00:00 AM,5:47AM,,18:13:00,LBS    ,2641.000,-4261.000,Plus Materials                                    ,,478.3300,478.3200,0.0000,,,0,6,
16910,8/18/2026 12:00:00 AM,Plus Monroe Warehouse                        ,COMPLETED,EXTRUDER (3RD SHIFT),4646.000,Posted,8/19/2026 12:00:00 AM,5:47AM,,18:13:00,LBS    ,4646.000,0.000,Plus Materials                                    ,,0.0000,0.0000,0.0000,,,0,0,
16912,8/18/2026 12:00:00 AM,Plus Monroe Warehouse                        ,COMPLETED,GUILLOTINE (3RD SHIFT),4620.000,Posted,8/19/2026 12:00:00 AM,5:47AM,,18:13:00,LBS    ,4620.000,0.000,Plus Materials                                    ,,92.4000,92.4000,0.0000,,,0,0,
16917,8/19/2026 12:00:00 AM,Plus Monroe Warehouse                        ,COMPLETED,AUTO-TIE BALER (1ST SHIFT),4760.000,Posted,8/20/2026 12:00:00 AM,5:50AM,,18:10:00,LBS    ,1774.000,-2986.000,Plus Materials                                    ,,0.0000,0.0000,0.0000,,,5,4,
16921,8/19/2026 12:00:00 AM,Plus Monroe Warehouse                        ,COMPLETED,EXTRUDER (1ST SHIFT),8208.000,Posted,8/20/2026 12:00:00 AM,5:51AM,,18:09:00,LBS    ,8208.000,0.000,Plus Materials                                    ,,164.1600,164.1600,0.0000,,,35,0,
16922,8/19/2026 12:00:00 AM,Plus Monroe Warehouse                        ,COMPLETED,GREEN MAX (NEW) (1ST SHIFT),1875.000,Posted,8/20/2026 12:00:00 AM,5:51AM,,18:09:00,LBS    ,1875.000,0.000,Plus Materials                                    ,,0.0000,0.0000,0.0000,,,26,0,
16923,8/19/2026 12:00:00 AM,Plus Monroe Warehouse                        ,COMPLETED,GUILLOTINE (1ST SHIFT),3150.000,Posted,8/20/2026 12:00:00 AM,5:51AM,,18:09:00,LBS    ,3150.000,0.000,Plus Materials                                    ,,63.0000,63.0000,0.0000,,,0,0,
16925,8/19/2026 12:00:00 AM,Monroe Processing Warehouse                  ,COMPLETED,SHREDDER/GRINDER (1ST SHIFT),4833.000,Posted,8/20/2026 12:00:00 AM,5:51AM,,18:09:00,LBS    ,4833.000,0.000,Plus Materials                                    ,,0.0000,0.0000,0.0000,,,0,0,
16927,8/19/2026 12:00:00 AM,Plus Monroe Warehouse                        ,COMPLETED,AUTO-TIE BALER (2ND SHIFT),3675.000,Posted,8/20/2026 12:00:00 AM,5:52AM,,18:08:00,LBS    ,2611.000,-1064.000,Plus Materials                                    ,,150.7700,150.7700,0.0000,,,0,0,
16931,8/19/2026 12:00:00 AM,Plus Monroe Warehouse                        ,COMPLETED,EXTRUDER (2ND SHIFT),2466.000,Posted,8/20/2026 12:00:00 AM,5:52AM,,18:08:00,LBS    ,2466.000,0.000,Plus Materials                                    ,,121.0977,121.1000,0.0000,,,6,0,
16933,8/19/2026 12:00:00 AM,Plus Monroe Warehouse                        ,COMPLETED,GUILLOTINE (2ND SHIFT),6526.000,Posted,8/20/2026 12:00:00 AM,5:53AM,,18:07:00,LBS    ,6526.000,0.000,Plus Materials                                    ,,0.0000,0.0000,0.0000,,,0,0,
16935,8/19/2026 12:00:00 AM,Monroe Processing Warehouse                  ,COMPLETED,SHREDDER/GRINDER (2ND SHIFT),2802.000,Posted,8/20/2026 12:00:00 AM,5:53AM,,18:07:00,LBS    ,2802.000,0.000,Plus Materials                                    ,,56.0400,56.0400,0.0000,,,0,0,
16937,8/19/2026 12:00:00 AM,Plus Monroe Warehouse                        ,COMPLETED,AUTO-TIE BALER (3RD SHIFT),10647.000,Posted,8/20/2026 12:00:00 AM,5:53AM,,18:07:00,LBS    ,9498.000,-1149.000,Plus Materials                                    ,,0.0000,0.0000,0.0000,,,0,9,
16941,8/19/2026 12:00:00 AM,Plus Monroe Warehouse                        ,COMPLETED,EXTRUDER (3RD SHIFT),4662.000,Posted,8/20/2026 12:00:00 AM,5:54AM,,18:06:00,LBS    ,4662.000,0.000,Plus Materials                                    ,,0.0000,0.0000,0.0000,,,0,0,
16943,8/19/2026 12:00:00 AM,Plus Monroe Warehouse                        ,COMPLETED,GUILLOTINE (3RD SHIFT),5644.000,Posted,8/20/2026 12:00:00 AM,5:54AM,,18:06:00,LBS    ,5644.000,0.000,Plus Materials                                    ,,0.0000,0.0000,0.0000,,,0,0,
16947,8/19/2026 12:00:00 AM,PRN Southeast                                ,COMPLETED,BALER,4980.000,Posted,8/20/2026 12:00:00 AM,5:55AM,,18:05:00,LBS    ,710.000,-4270.000,Plus Materials                                    ,,-28.4000,-26.6200,1.7800,,,1,3,
16948,8/20/2026 12:00:00 AM,Plus Monroe Warehouse                        ,COMPLETED,AUTO-TIE BALER (1ST SHIFT),3598.000,Posted,8/21/2026 12:00:00 AM,5:54AM,,18:06:00,LBS    ,1000.000,-2598.000,Plus Materials                                    ,,0.0000,0.0000,0.0000,,,5,3,
16952,8/20/2026 12:00:00 AM,Plus Monroe Warehouse                        ,COMPLETED,EXTRUDER (1ST SHIFT),6852.000,Posted,8/21/2026 12:00:00 AM,5:54AM,,18:06:00,LBS    ,6852.000,0.000,Plus Materials                                    ,,137.0400,137.0400,0.0000,,,27,0,
16954,8/20/2026 12:00:00 AM,Plus Monroe Warehouse                        ,COMPLETED,GUILLOTINE (1ST SHIFT),6331.000,Posted,8/21/2026 12:00:00 AM,5:55AM,,18:05:00,LBS    ,6331.000,0.000,Plus Materials                                    ,,316.5500,316.5500,0.0000,,,48,0,
16956,8/20/2026 12:00:00 AM,Monroe Processing Warehouse                  ,COMPLETED,SHREDDER/GRINDER (1ST SHIFT),4487.000,Posted,8/21/2026 12:00:00 AM,5:55AM,,18:05:00,LBS    ,4487.000,0.000,Plus Materials                                    ,,89.7400,89.7400,0.0000,,,0,0,
16958,8/20/2026 12:00:00 AM,Plus Monroe Warehouse                        ,COMPLETED,AUTO-TIE BALER (2ND SHIFT),3395.000,Posted,8/21/2026 12:00:00 AM,5:56AM,,18:04:00,LBS    ,3395.000,0.000,Plus Materials                                    ,,-201.6310,-201.6300,0.0000,,,50,0,
16962,8/20/2026 12:00:00 AM,Plus Monroe Warehouse                        ,COMPLETED,EXTRUDER (2ND SHIFT),4269.000,Posted,8/21/2026 12:00:00 AM,5:56AM,,18:04:00,LBS    ,4269.000,0.000,Plus Materials                                    ,,85.3800,85.3800,0.0000,,,13,0,
16964,8/20/2026 12:00:00 AM,Plus Monroe Warehouse                        ,COMPLETED,GUILLOTINE (2ND SHIFT),7898.000,Posted,8/21/2026 12:00:00 AM,5:56AM,,18:04:00,LBS    ,7898.000,0.000,Plus Materials                                    ,,157.9600,157.9600,0.0000,,,0,0,
16966,8/20/2026 12:00:00 AM,Monroe Processing Warehouse                  ,COMPLETED,SHREDDER/GRINDER (2ND SHIFT),3216.000,Posted,8/21/2026 12:00:00 AM,5:57AM,,18:03:00,LBS    ,3216.000,0.000,Plus Materials                                    ,,0.0000,0.0000,0.0000,,,0,0,
16968,8/20/2026 12:00:00 AM,Plus Monroe Warehouse                        ,COMPLETED,AUTO-TIE BALER (3RD SHIFT),8934.000,Posted,8/21/2026 12:00:00 AM,5:57AM,,18:03:00,LBS    ,7386.000,-1548.000,Plus Materials                                    ,,0.0000,0.0000,0.0000,,,52,5,
16972,8/20/2026 12:00:00 AM,Plus Monroe Warehouse                        ,COMPLETED,EXTRUDER (3RD SHIFT),4350.000,Posted,8/21/2026 12:00:00 AM,5:58AM,,18:02:00,LBS    ,4350.000,0.000,Plus Materials                                    ,,0.0000,0.0000,0.0000,,,0,0,
16974,8/20/2026 12:00:00 AM,Plus Monroe Warehouse                        ,COMPLETED,GUILLOTINE (3RD SHIFT),3346.000,Posted,8/21/2026 12:00:00 AM,5:58AM,,18:02:00,LBS    ,3346.000,0.000,Plus Materials                                    ,,0.0000,0.0000,0.0000,,,0,0,
16979,8/21/2026 12:00:00 AM,Plus Monroe Warehouse                        ,COMPLETED,AUTO-TIE BALER (1ST SHIFT),3605.000,Posted,8/24/2026 12:00:00 AM,5:42AM,,18:18:00,LBS    ,1166.000,-2439.000,Plus Materials                                    ,,9.0100,9.0100,0.0000,,,5,3,
16983,8/21/2026 12:00:00 AM,Plus Monroe Warehouse                        ,COMPLETED,EXTRUDER (1ST SHIFT),5276.000,Posted,8/24/2026 12:00:00 AM,5:43AM,,18:17:00,LBS    ,5276.000,0.000,Plus Materials                                    ,,0.0000,0.0000,0.0000,,,0,0,
16984,8/21/2026 12:00:00 AM,Plus Monroe Warehouse                        ,COMPLETED,GREEN MAX (NEW) (1ST SHIFT),2392.000,Posted,8/24/2026 12:00:00 AM,5:43AM,,18:17:00,LBS    ,2392.000,0.000,Plus Materials                                    ,,0.0000,0.0000,0.0000,,,26,0,
16985,8/21/2026 12:00:00 AM,Plus Monroe Warehouse                        ,COMPLETED,GUILLOTINE (1ST SHIFT),7498.000,Posted,8/24/2026 12:00:00 AM,5:43AM,,18:17:00,LBS    ,7498.000,0.000,Plus Materials                                    ,,0.0000,0.0000,0.0000,,,0,0,
16987,8/21/2026 12:00:00 AM,Monroe Processing Warehouse                  ,COMPLETED,SHREDDER/GRINDER (1ST SHIFT),2836.000,Posted,8/24/2026 12:00:00 AM,5:43AM,,18:17:00,LBS    ,2836.000,0.000,Plus Materials                                    ,,295.4290,295.4300,0.0000,,,0,0,
16989,8/21/2026 12:00:00 AM,Plus Monroe Warehouse                        ,COMPLETED,AUTO-TIE BALER (2ND SHIFT),7088.000,Posted,8/24/2026 12:00:00 AM,5:44AM,,18:16:00,LBS    ,6580.000,-508.000,Plus Materials                                    ,,0.0000,0.0000,0.0000,,,52,0,
16993,8/21/2026 12:00:00 AM,Plus Monroe Warehouse                        ,COMPLETED,EXTRUDER (2ND SHIFT),5195.000,Posted,8/24/2026 12:00:00 AM,5:44AM,,18:16:00,LBS    ,5195.000,0.000,Plus Materials                                    ,,103.9000,103.9000,0.0000,,,10,0,
16995,8/21/2026 12:00:00 AM,Plus Monroe Warehouse                        ,COMPLETED,GUILLOTINE (2ND SHIFT),7188.000,Posted,8/24/2026 12:00:00 AM,5:45AM,,18:15:00,LBS    ,7188.000,0.000,Plus Materials                                    ,,143.7600,143.7600,0.0000,,,0,0,
16997,8/21/2026 12:00:00 AM,Monroe Processing Warehouse                  ,COMPLETED,SHREDDER/GRINDER (2ND SHIFT),3693.000,Posted,8/24/2026 12:00:00 AM,5:45AM,,18:15:00,LBS    ,3693.000,0.000,Plus Materials                                    ,,322.5320,322.5300,0.0000,,,35,0,
16999,8/21/2026 12:00:00 AM,Plus Monroe Warehouse                        ,COMPLETED,AUTO-TIE BALER (3RD SHIFT),9369.000,Posted,8/24/2026 12:00:00 AM,5:45AM,,18:15:00,LBS    ,9369.000,0.000,Plus Materials                                    ,,0.0000,0.0000,0.0000,,,0,6,
17005,8/21/2026 12:00:00 AM,Plus Monroe Warehouse                        ,COMPLETED,GUILLOTINE (3RD SHIFT),10153.000,Posted,8/24/2026 12:00:00 AM,5:47AM,,18:13:00,LBS    ,10153.000,0.000,Plus Materials                                    ,,-710.7100,-710.7100,0.0000,,,11,0,
17009,8/21/2026 12:00:00 AM,PRN Southeast                                ,COMPLETED,BALER,7973.000,Posted,8/24/2026 12:00:00 AM,5:47AM,,18:13:00,LBS    ,6327.000,-1646.000,Plus Materials                                    ,,327.2600,453.8000,126.5400,,,22,3,
17010,8/24/2026 12:00:00 AM,Plus Monroe Warehouse                        ,COMPLETED,AUTO-TIE BALER (1ST SHIFT),26770.000,Posted,8/28/2026 12:00:00 AM,5:02AM,3:11PM,10:09:00,LBS    ,26793.000,23.000,Plus Materials                                    ,,975.5800,975.5700,0.0000,,,76,8,
17014,8/24/2026 12:00:00 AM,Plus Monroe Warehouse                        ,COMPLETED,EXTRUDER (1ST SHIFT),35827.000,Posted,8/28/2026 12:00:00 AM,5:03AM,3:30PM,10:27:00,LBS    ,35836.000,9.000,Plus Materials                                    ,,2657.4000,2657.4200,0.0000,,,3,0,
17015,8/24/2026 12:00:00 AM,Plus Monroe Warehouse                        ,COMPLETED,GREEN MAX (NEW) (1ST SHIFT),4708.000,Posted,8/28/2026 12:00:00 AM,5:03AM,3:31PM,10:28:00,LBS    ,4808.000,100.000,Plus Materials                                    ,,27.9400,27.9400,0.0000,,,0,0,
17016,8/24/2026 12:00:00 AM,Plus Monroe Warehouse                        ,COMPLETED,GUILLOTINE (1ST SHIFT),24363.000,Posted,8/28/2026 12:00:00 AM,5:03AM,3:31PM,10:28:00,LBS    ,24454.000,91.000,Plus Materials                                    ,,244.5400,244.5400,0.0000,,,37,0,
17018,8/24/2026 12:00:00 AM,Monroe Processing Warehouse                  ,COMPLETED,SHREDDER/GRINDER (1ST SHIFT),27081.000,Posted,8/28/2026 12:00:00 AM,5:04AM,3:33PM,10:29:00,LBS    ,27160.000,79.000,Plus Materials                                    ,,986.3400,986.3500,0.0000,,,45,1,
17020,8/24/2026 12:00:00 AM,Plus Monroe Warehouse                        ,COMPLETED,AUTO-TIE BALER (2ND SHIFT),36502.000,Posted,9/1/2026 12:00:00 AM,5:04AM,,18:56:00,LBS    ,36502.000,0.000,Plus Materials                                    ,,0.0000,0.0000,0.0000,,,0,0,
17024,8/24/2026 12:00:00 AM,Plus Monroe Warehouse                        ,COMPLETED,EXTRUDER (2ND SHIFT),25234.000,Posted,9/1/2026 12:00:00 AM,5:05AM,,18:55:00,LBS    ,25234.000,0.000,Plus Materials                                    ,,0.0000,0.0000,0.0000,,,0,0,
17026,8/24/2026 12:00:00 AM,Plus Monroe Warehouse                        ,COMPLETED,GUILLOTINE (2ND SHIFT),32711.000,Posted,9/1/2026 12:00:00 AM,5:05AM,,18:55:00,LBS    ,32711.000,0.000,Plus Materials                                    ,,0.0000,0.0000,0.0000,,,0,0,
17028,8/24/2026 12:00:00 AM,Plus Monroe Warehouse                        ,COMPLETED,SHREDDER/GRINDER (2ND SHIFT),19146.000,Posted,9/1/2026 12:00:00 AM,5:06AM,,18:54:00,LBS    ,19146.000,0.000,Plus Materials                                    ,,0.0000,0.0000,0.0000,,,0,0,
17030,8/24/2026 12:00:00 AM,Plus Monroe Warehouse                        ,COMPLETED,AUTO-TIE BALER (3RD SHIFT),20860.000,Posted,9/1/2026 12:00:00 AM,5:06AM,,18:54:00,LBS    ,20860.000,0.000,Plus Materials                                    ,,0.0000,0.0000,0.0000,,,0,17,
17034,8/24/2026 12:00:00 AM,Plus Monroe Warehouse                        ,COMPLETED,EXTRUDER (3RD SHIFT),4836.000,Posted,9/1/2026 12:00:00 AM,5:07AM,,18:53:00,LBS    ,4836.000,0.000,Plus Materials                                    ,,0.0000,0.0000,0.0000,,,0,0,
17036,8/24/2026 12:00:00 AM,Plus Monroe Warehouse                        ,COMPLETED,GUILLOTINE (3RD SHIFT),6771.000,Posted,9/1/2026 12:00:00 AM,5:07AM,,18:53:00,LBS    ,6771.000,0.000,Plus Materials                                    ,,0.0000,0.0000,0.0000,,,0,0,
17040,8/24/2026 12:00:00 AM,PRN Southeast                                ,IN PROCESS,BALER,24146.000,Work,,5:08AM,,18:52:00,LBS    ,16876.000,-7270.000,Plus Materials                                    ,,630.7700,0.0000,0.0000,,,61,12,
17041,8/28/2026 12:00:00 AM,Plus Monroe Warehouse                        ,COMPLETED,AUTO-TIE BALER (1ST SHIFT),7025.000,Posted,9/2/2026 12:00:00 AM,3:12PM,,08:48:00,LBS    ,7025.000,0.000,Plus Materials                                    ,,0.0000,0.0000,0.0000,,,0,0,
17042,8/28/2026 12:00:00 AM,Plus Monroe Warehouse                        ,COMPLETED,EXTRUDER (1ST SHIFT),19462.000,Posted,9/2/2026 12:00:00 AM,3:54PM,,08:06:00,LBS    ,19462.000,0.000,Plus Materials                                    ,,0.0000,0.0000,0.0000,,,0,2,
17043,8/28/2026 12:00:00 AM,Plus Monroe Warehouse                        ,COMPLETED,GUILLOTINE (1ST SHIFT),15477.000,Posted,9/2/2026 12:00:00 AM,3:54PM,,08:06:00,LBS    ,15477.000,0.000,Plus Materials                                    ,,0.0000,0.0000,0.0000,,,0,0,
17048,9/1/2026 12:00:00 AM,Plus Monroe Warehouse                        ,COMPLETED,AUTO-TIE BALER (2ND SHIFT),9826.000,Posted,9/4/2026 12:00:00 AM,12:14PM,,11:46:00,LBS    ,9826.000,0.000,Plus Materials                                    ,,0.0000,0.0000,0.0000,,,0,0,
17049,9/1/2026 12:00:00 AM,Plus Monroe Warehouse                        ,COMPLETED,EXTRUDER (2ND SHIFT),12325.000,Posted,9/4/2026 12:00:00 AM,12:14PM,,11:46:00,LBS    ,12325.000,0.000,Plus Materials                                    ,,0.0000,0.0000,0.0000,,,0,0,
17050,9/1/2026 12:00:00 AM,Plus Monroe Warehouse                        ,COMPLETED,GREEN MAX (NEW) (2ND SHIFT),3487.000,Posted,9/4/2026 12:00:00 AM,12:15PM,,11:45:00,LBS    ,3487.000,0.000,Plus Materials                                    ,,0.0000,0.0000,0.0000,,,0,0,
17052,9/1/2026 12:00:00 AM,Plus Monroe Warehouse                        ,COMPLETED,GUILLOTINE (2ND SHIFT),20171.000,Posted,9/4/2026 12:00:00 AM,12:15PM,,11:45:00,LBS    ,20171.000,0.000,Plus Materials                                    ,,0.0000,0.0000,0.0000,,,0,0,
17053,9/1/2026 12:00:00 AM,Plus Monroe Warehouse                        ,COMPLETED,SHREDDER/GRINDER (2ND SHIFT),6199.000,Posted,9/2/2026 12:00:00 AM,12:16PM,,11:44:00,LBS    ,6199.000,0.000,Plus Materials                                    ,,0.0000,0.0000,0.0000,,,0,1,
17054,9/1/2026 12:00:00 AM,Plus Monroe Warehouse                        ,COMPLETED,AUTO-TIE BALER (3RD SHIFT),9288.000,Posted,9/2/2026 12:00:00 AM,12:16PM,,11:44:00,LBS    ,9288.000,0.000,Plus Materials                                    ,,0.0000,0.0000,0.0000,,,0,6,
17055,9/1/2026 12:00:00 AM,Plus Monroe Warehouse                        ,COMPLETED,EXTRUDER (3RD SHIFT),5120.000,Posted,9/2/2026 12:00:00 AM,12:16PM,,11:44:00,LBS    ,5120.000,0.000,Plus Materials                                    ,,0.0000,0.0000,0.0000,,,0,0,
17056,9/1/2026 12:00:00 AM,Plus Monroe Warehouse                        ,COMPLETED,GUILLOTINE (3RD SHIFT),7802.000,Posted,9/2/2026 12:00:00 AM,12:16PM,,11:44:00,LBS    ,7802.000,0.000,Plus Materials                                    ,,0.0000,0.0000,0.0000,,,0,0,
17057,9/2/2026 12:00:00 AM,Plus Monroe Warehouse                        ,COMPLETED,SHREDDER/GRINDER (2ND SHIFT),10488.000,Posted,9/4/2026 12:00:00 AM,3:15PM,,08:45:00,LBS    ,10488.000,0.000,Plus Materials                                    ,,0.0000,0.0000,0.0000,,,0,0,
17058,9/2/2026 12:00:00 AM,Plus Monroe Warehouse                        ,COMPLETED,AUTO-TIE BALER (1ST SHIFT),8330.000,Posted,9/4/2026 12:00:00 AM,3:16PM,,08:44:00,LBS    ,8330.000,0.000,Plus Materials                                    ,,0.0000,0.0000,0.0000,,,0,0,
17059,9/2/2026 12:00:00 AM,Plus Monroe Warehouse                        ,COMPLETED,EXTRUDER (1ST SHIFT),12788.000,Posted,9/4/2026 12:00:00 AM,3:17PM,,08:43:00,LBS    ,12788.000,0.000,Plus Materials                                    ,,0.0000,0.0000,0.0000,,,0,0,
17061,9/2/2026 12:00:00 AM,Plus Monroe Warehouse                        ,COMPLETED,GUILLOTINE (1ST SHIFT),13993.000,Posted,9/4/2026 12:00:00 AM,3:17PM,,08:43:00,LBS    ,13993.000,0.000,Plus Materials                                    ,,0.0000,0.0000,0.0000,,,0,0,
17063,9/2/2026 12:00:00 AM,Plus Monroe Warehouse                        ,COMPLETED,SHREDDER/GRINDER (1ST SHIFT),7363.000,Posted,9/4/2026 12:00:00 AM,3:19PM,,08:41:00,LBS    ,7363.000,0.000,Plus Materials                                    ,,0.0000,0.0000,0.0000,,,0,0,
17064,9/2/2026 12:00:00 AM,Plus Monroe Warehouse                        ,COMPLETED,AUTO-TIE BALER (3RD SHIFT),8698.000,Posted,9/4/2026 12:00:00 AM,3:19PM,,08:41:00,LBS    ,8698.000,0.000,Plus Materials                                    ,,0.0000,0.0000,0.0000,,,0,7,
17065,9/2/2026 12:00:00 AM,Plus Monroe Warehouse                        ,COMPLETED,EXTRUDER (3RD SHIFT),9496.000,Posted,9/4/2026 12:00:00 AM,3:19PM,,08:41:00,LBS    ,9496.000,0.000,Plus Materials                                    ,,0.0000,0.0000,0.0000,,,0,0,
17067,9/4/2026 12:00:00 AM,Plus Monroe Warehouse                        ,COMPLETED,AUTO-TIE BALER (2ND SHIFT),10355.000,Posted,9/8/2026 12:00:00 AM,1:15PM,,10:45:00,LBS    ,10355.000,0.000,Plus Materials                                    ,,0.0000,0.0000,0.0000,,,0,0,
17068,9/4/2026 12:00:00 AM,Plus Monroe Warehouse                        ,COMPLETED,EXTRUDER (2ND SHIFT),2989.000,Posted,9/8/2026 12:00:00 AM,1:15PM,,10:45:00,LBS    ,2989.000,0.000,Plus Materials                                    ,,0.0000,0.0000,0.0000,,,0,0,
17070,9/4/2026 12:00:00 AM,Plus Monroe Warehouse                        ,COMPLETED,GUILLOTINE (2ND SHIFT),11904.000,Posted,9/8/2026 12:00:00 AM,1:15PM,,10:45:00,LBS    ,11904.000,0.000,Plus Materials                                    ,,0.0000,0.0000,0.0000,,,0,0,
17071,9/4/2026 12:00:00 AM,Plus Monroe Warehouse                        ,COMPLETED,SHREDDER/GRINDER (2ND SHIFT),2900.000,Posted,9/8/2026 12:00:00 AM,1:16PM,,10:44:00,LBS    ,2900.000,0.000,Plus Materials                                    ,,0.0000,0.0000,0.0000,,,0,0,
17073,9/4/2026 12:00:00 AM,Plus Monroe Warehouse                        ,COMPLETED,AUTO-TIE BALER (3RD SHIFT),7280.000,Posted,9/8/2026 12:00:00 AM,1:18PM,,10:42:00,LBS    ,7280.000,0.000,Plus Materials                                    ,,0.0000,0.0000,0.0000,,,0,5,
17074,9/4/2026 12:00:00 AM,Plus Monroe Warehouse                        ,COMPLETED,EXTRUDER (3RD SHIFT),5000.000,Posted,9/8/2026 12:00:00 AM,1:19PM,,10:41:00,LBS    ,5000.000,0.000,Plus Materials                                    ,,0.0000,0.0000,0.0000,,,0,0,
17076,9/4/2026 12:00:00 AM,Plus Monroe Warehouse                        ,COMPLETED,AUTO-TIE BALER (1ST SHIFT),1234.000,Posted,9/8/2026 12:00:00 AM,2:40PM,,09:20:00,LBS    ,1234.000,0.000,Plus Materials                                    ,,0.0000,0.0000,0.0000,,,0,0,
17077,9/4/2026 12:00:00 AM,Plus Monroe Warehouse                        ,COMPLETED,EXTRUDER (1ST SHIFT),23295.000,Posted,9/8/2026 12:00:00 AM,2:40PM,,09:20:00,LBS    ,23295.000,0.000,Plus Materials                                    ,,0.0000,0.0000,0.0000,,,0,0,
17078,9/4/2026 12:00:00 AM,Plus Monroe Warehouse                        ,COMPLETED,GREEN MAX (NEW) (1ST SHIFT),1749.000,Posted,9/8/2026 12:00:00 AM,2:41PM,,09:19:00,LBS    ,1749.000,0.000,Plus Materials                                    ,,0.0000,0.0000,0.0000,,,0,0,
17079,9/4/2026 12:00:00 AM,Plus Monroe Warehouse                        ,COMPLETED,GUILLOTINE (1ST SHIFT),6919.000,Posted,9/8/2026 12:00:00 AM,2:41PM,,09:19:00,LBS    ,6919.000,0.000,Plus Materials                                    ,,0.0000,0.0000,0.0000,,,0,0,
17080,9/4/2026 12:00:00 AM,Plus Monroe Warehouse                        ,COMPLETED,SHREDDER/GRINDER (1ST SHIFT),3352.000,Posted,9/8/2026 12:00:00 AM,2:41PM,,09:19:00,LBS    ,3352.000,0.000,Plus Materials                                    ,,0.0000,0.0000,0.0000,,,0,0,
17083,9/8/2026 12:00:00 AM,Plus Monroe Warehouse                        ,COMPLETED,AUTO-TIE BALER (2ND SHIFT),9872.000,Posted,9/9/2026 12:00:00 AM,11:14AM,,12:46:00,LBS    ,9872.000,0.000,Plus Materials                                    ,,0.0000,0.0000,0.0000,,,0,0,
17084,9/8/2026 12:00:00 AM,Plus Monroe Warehouse                        ,COMPLETED,EXTRUDER (2ND SHIFT),6374.000,Posted,9/9/2026 12:00:00 AM,11:15AM,,12:45:00,LBS    ,6374.000,0.000,Plus Materials                                    ,,0.0000,0.0000,0.0000,,,0,0,
17086,9/8/2026 12:00:00 AM,Plus Monroe Warehouse                        ,COMPLETED,GUILLOTINE (2ND SHIFT),11265.000,Posted,9/9/2026 12:00:00 AM,11:15AM,,12:45:00,LBS    ,11265.000,0.000,Plus Materials                                    ,,0.0000,0.0000,0.0000,,,0,0,
17088,9/8/2026 12:00:00 AM,Plus Monroe Warehouse                        ,COMPLETED,SHREDDER/GRINDER (2ND SHIFT),2780.000,Posted,9/9/2026 12:00:00 AM,11:15AM,,12:45:00,LBS    ,2780.000,0.000,Plus Materials                                    ,,0.0000,0.0000,0.0000,,,0,0,
17089,9/8/2026 12:00:00 AM,Plus Monroe Warehouse                        ,COMPLETED,AUTO-TIE BALER (3RD SHIFT),8661.000,Posted,9/9/2026 12:00:00 AM,11:16AM,,12:44:00,LBS    ,8661.000,0.000,Plus Materials                                    ,,0.0000,0.0000,0.0000,,,0,7,
17090,9/8/2026 12:00:00 AM,Plus Monroe Warehouse                        ,COMPLETED,EXTRUDER (3RD SHIFT),4306.000,Posted,9/9/2026 12:00:00 AM,11:16AM,,12:44:00,LBS    ,4306.000,0.000,Plus Materials                                    ,,0.0000,0.0000,0.0000,,,0,0,
17092,9/8/2026 12:00:00 AM,Plus Monroe Warehouse                        ,COMPLETED,AUTO-TIE BALER (1ST SHIFT),29271.000,Posted,9/11/2026 12:00:00 AM,2:38PM,,09:22:00,LBS    ,29271.000,0.000,Plus Materials                                    ,,0.0000,0.0000,0.0000,,,0,0,
17093,9/8/2026 12:00:00 AM,Plus Monroe Warehouse                        ,COMPLETED,EXTRUDER (1ST SHIFT),22915.000,Posted,9/11/2026 12:00:00 AM,2:38PM,,09:22:00,LBS    ,22915.000,0.000,Plus Materials                                    ,,0.0000,0.0000,0.0000,,,0,0,
17094,9/8/2026 12:00:00 AM,Plus Monroe Warehouse                        ,COMPLETED,GUILLOTINE (1ST SHIFT),20035.000,Posted,9/11/2026 12:00:00 AM,2:38PM,,09:22:00,LBS    ,20035.000,0.000,Plus Materials                                    ,,0.0000,0.0000,0.0000,,,0,0,
17095,9/8/2026 12:00:00 AM,Plus Monroe Warehouse                        ,COMPLETED,GREEN MAX (NEW) (1ST SHIFT),3335.000,Posted,9/11/2026 12:00:00 AM,2:38PM,,09:22:00,LBS    ,3335.000,0.000,Plus Materials                                    ,,0.0000,0.0000,0.0000,,,0,1,
17096,9/8/2026 12:00:00 AM,Plus Monroe Warehouse                        ,COMPLETED,SHREDDER (1ST SHIFT),2167.000,Posted,9/11/2026 12:00:00 AM,2:38PM,,09:22:00,LBS    ,2167.000,0.000,Plus Materials                                    ,,0.0000,0.0000,0.0000,,,0,0,
17097,9/8/2026 12:00:00 AM,Plus Monroe Warehouse                        ,COMPLETED,SHREDDER/GRINDER (1ST SHIFT),34307.000,Posted,9/11/2026 12:00:00 AM,2:38PM,,09:22:00,LBS    ,34307.000,0.000,Plus Materials                                    ,,0.0000,0.0000,0.0000,,,0,0,
17099,9/9/2026 12:00:00 AM,Plus Monroe Warehouse                        ,COMPLETED,AUTO-TIE BALER (2ND SHIFT),8195.000,Posted,9/10/2026 12:00:00 AM,11:09AM,,12:51:00,LBS    ,8195.000,0.000,Plus Materials                                    ,,0.0000,0.0000,0.0000,,,0,0,
17100,9/9/2026 12:00:00 AM,Plus Monroe Warehouse                        ,COMPLETED,EXTRUDER (2ND SHIFT),6263.000,Posted,9/10/2026 12:00:00 AM,11:09AM,,12:51:00,LBS    ,6263.000,0.000,Plus Materials                                    ,,0.0000,0.0000,0.0000,,,0,0,
17102,9/9/2026 12:00:00 AM,Plus Monroe Warehouse                        ,COMPLETED,GUILLOTINE (2ND SHIFT),9818.000,Posted,9/10/2026 12:00:00 AM,11:09AM,,12:51:00,LBS    ,9818.000,0.000,Plus Materials                                    ,,0.0000,0.0000,0.0000,,,0,0,
17104,9/9/2026 12:00:00 AM,Plus Monroe Warehouse                        ,COMPLETED,SHREDDER/GRINDER (2ND SHIFT),3562.000,Posted,9/10/2026 12:00:00 AM,11:10AM,,12:50:00,LBS    ,3562.000,0.000,Plus Materials                                    ,,0.0000,0.0000,0.0000,,,0,0,
17105,9/9/2026 12:00:00 AM,Plus Monroe Warehouse                        ,COMPLETED,AUTO-TIE BALER (3RD SHIFT),9236.000,Posted,9/10/2026 12:00:00 AM,11:10AM,,12:50:00,LBS    ,9236.000,0.000,Plus Materials                                    ,,0.0000,0.0000,0.0000,,,0,7,
17106,9/9/2026 12:00:00 AM,Plus Monroe Warehouse                        ,COMPLETED,EXTRUDER (3RD SHIFT),4167.000,Posted,9/10/2026 12:00:00 AM,11:10AM,,12:50:00,LBS    ,4167.000,0.000,Plus Materials                                    ,,0.0000,0.0000,0.0000,,,0,0,
17112,9/10/2026 12:00:00 AM,Plus Monroe Warehouse                        ,COMPLETED,AUTO-TIE BALER (2ND SHIFT),7706.000,Posted,9/11/2026 12:00:00 AM,1:40PM,,10:20:00,LBS    ,7706.000,0.000,Plus Materials                                    ,,0.0000,0.0000,0.0000,,,0,0,
17113,9/10/2026 12:00:00 AM,Plus Monroe Warehouse                        ,COMPLETED,EXTRUDER (2ND SHIFT),5198.000,Posted,9/11/2026 12:00:00 AM,1:40PM,,10:20:00,LBS    ,5198.000,0.000,Plus Materials                                    ,,0.0000,0.0000,0.0000,,,0,0,
17116,9/10/2026 12:00:00 AM,Plus Monroe Warehouse                        ,COMPLETED,SHREDDER/GRINDER (2ND SHIFT),9207.000,Posted,9/11/2026 12:00:00 AM,1:41PM,,10:19:00,LBS    ,9207.000,0.000,Plus Materials                                    ,,0.0000,0.0000,0.0000,,,0,0,
17117,9/10/2026 12:00:00 AM,Plus Monroe Warehouse                        ,COMPLETED,GUILLOTINE (2ND SHIFT),8879.000,Posted,9/11/2026 12:00:00 AM,1:42PM,,10:18:00,LBS    ,8879.000,0.000,Plus Materials                                    ,,0.0000,0.0000,0.0000,,,0,0,
17118,9/10/2026 12:00:00 AM,Plus Monroe Warehouse                        ,COMPLETED,AUTO-TIE BALER (3RD SHIFT),6004.000,Posted,9/11/2026 12:00:00 AM,1:42PM,,10:18:00,LBS    ,6004.000,0.000,Plus Materials                                    ,,0.0000,0.0000,0.0000,,,0,5,
17119,9/10/2026 12:00:00 AM,Plus Monroe Warehouse                        ,COMPLETED,EXTRUDER (3RD SHIFT),4857.000,Posted,9/11/2026 12:00:00 AM,1:42PM,,10:18:00,LBS    ,4857.000,0.000,Plus Materials                                    ,,0.0000,0.0000,0.0000,,,0,0,
17121,9/11/2026 12:00:00 AM,Plus Monroe Warehouse                        ,IN PROCESS,AUTO-TIE BALER (2ND SHIFT),2646.000,Work,,10:38AM,,13:22:00,LBS    ,0.000,-2646.000,Plus Materials                                    ,,0.0000,0.0000,0.0000,,,0,0,
17122,9/11/2026 12:00:00 AM,Plus Monroe Warehouse                        ,IN PROCESS,EXTRUDER (2ND SHIFT),9667.000,Work,,10:38AM,,13:22:00,LBS    ,0.000,-9667.000,Plus Materials                                    ,,0.0000,0.0000,0.0000,,,0,0,
17123,9/11/2026 12:00:00 AM,Plus Monroe Warehouse                        ,IN PROCESS,GUILLOTINE (2ND SHIFT),20426.000,Work,,10:39AM,,13:21:00,LBS    ,0.000,-20426.000,Plus Materials                                    ,,0.0000,0.0000,0.0000,,,0,0,
17124,9/11/2026 12:00:00 AM,Plus Monroe Warehouse                        ,IN PROCESS,SHREDDER (2ND SHIFT),0.000,Work,,10:39AM,,13:21:00,LBS    ,0.000,0.000,Plus Materials                                    ,,0.0000,0.0000,0.0000,,,0,0,
17125,9/11/2026 12:00:00 AM,Plus Monroe Warehouse                        ,IN PROCESS,SHREDDER/GRINDER (2ND SHIFT),9087.000,Work,,10:39AM,,13:21:00,LBS    ,0.000,-9087.000,Plus Materials                                    ,,0.0000,0.0000,0.0000,,,0,0,
17126,9/11/2026 12:00:00 AM,Plus Monroe Warehouse                        ,IN PROCESS,AUTO-TIE BALER (3RD SHIFT),19304.000,Work,,10:40AM,,13:20:00,LBS    ,0.000,-19304.000,Plus Materials                                    ,,0.0000,0.0000,0.0000,,,0,15,
17127,9/11/2026 12:00:00 AM,Plus Monroe Warehouse                        ,IN PROCESS,EXTRUDER (3RD SHIFT),8488.000,Work,,10:40AM,,13:20:00,LBS    ,0.000,-8488.000,Plus Materials                                    ,,0.0000,0.0000,0.0000,,,0,0,
17128,9/11/2026 12:00:00 AM,Plus Monroe Warehouse                        ,IN PROCESS,GUILLOTINE (3RD SHIFT),0.000,Work,,10:40AM,,13:20:00,LBS    ,0.000,0.000,Plus Materials                                    ,,0.0000,0.0000,0.0000,,,0,0,
17129,9/11/2026 12:00:00 AM,Plus Monroe Warehouse                        ,IN PROCESS,AUTO-TIE BALER (1ST SHIFT),3556.000,Work,,3:58PM,,08:02:00,LBS    ,0.000,-3556.000,Plus Materials                                    ,,0.0000,0.0000,0.0000,,,0,0,
17130,9/11/2026 12:00:00 AM,Plus Monroe Warehouse                        ,IN PROCESS,EXTRUDER (1ST SHIFT),15159.000,Work,,3:58PM,,08:02:00,LBS    ,0.000,-15159.000,Plus Materials                                    ,,0.0000,0.0000,0.0000,,,0,0,
17131,9/11/2026 12:00:00 AM,Plus Monroe Warehouse                        ,IN PROCESS,GREEN MAX (NEW) (1ST SHIFT),0.000,Work,,3:59PM,,08:01:00,LBS    ,0.000,0.000,Plus Materials                                    ,,0.0000,0.0000,0.0000,,,0,0,
17132,9/11/2026 12:00:00 AM,Plus Monroe Warehouse                        ,IN PROCESS,GUILLOTINE (1ST SHIFT),9105.000,Work,,3:59PM,,08:01:00,LBS    ,0.000,-9105.000,Plus Materials                                    ,,0.0000,0.0000,0.0000,,,0,0,
17133,9/11/2026 12:00:00 AM,Plus Monroe Warehouse                        ,IN PROCESS,SHREDDER (1ST SHIFT),0.000,Work,,4:01PM,,07:59:00,LBS    ,0.000,0.000,Plus Materials                                    ,,0.0000,0.0000,0.0000,,,0,0,
17134,9/11/2026 12:00:00 AM,Plus Monroe Warehouse                        ,IN PROCESS,SHREDDER/GRINDER (1ST SHIFT),10390.000,Work,,4:01PM,,07:59:00,LBS    ,0.000,-10390.000,Plus Materials                                    ,,0.0000,0.0000,0.0000,,,0,0,
